"unique(unlist(lapply(annotation_list, function(df) df$GeneID)))"
"SORBI_3010G112300"
"SORBI_3003G440800"
"SORBI_3003G440900"
"SORBI_3003G441000"
"SORBI_3003G441100"
"SORBI_3005G111100"
"SORBI_3001G261545"
"SORBI_3002G120200"
"SORBI_3002G120250"
"SORBI_3002G120300"
"SORBI_3001G505600"
"SORBI_3001G505700"
"SORBI_3001G505800"
"SORBI_3001G505900"
"SORBI_3001G506000"
"SORBI_3002G347600"
"SORBI_3002G347700"
"SORBI_3002G347750"
"SORBI_3002G347800"
"SORBI_3002G347850"
"SORBI_3002G347900"
"SORBI_3001G207600"
"SORBI_3001G207633"
"SORBI_3001G522500"
"SORBI_3001G522600"
"SORBI_3007G112301"
"SORBI_3003G052400"
"SORBI_3003G052500"
"SORBI_3003G052600"
"SORBI_3010G012400"
"SORBI_3010G012500"
"SORBI_3010G012600"
"SORBI_3010G012700"
"SORBI_3010G012800"
"SORBI_3010G012900"
"SORBI_3006G080750"
"SORBI_3006G080800"
"SORBI_3006G009300"
"SORBI_3006G009400"
"SORBI_3006G009500"
"SORBI_3003G064200"
"SORBI_3003G064300"
"SORBI_3003G064400"
"SORBI_3003G064500"
"SORBI_3003G064600"
"SORBI_3003G064700"
"SORBI_3003G064800"
"SORBI_3007G112500"
"SORBI_3008G062500"
"SORBI_3008G062601"
"SORBI_3002G347200"
"SORBI_3002G347300"
"SORBI_3002G347400"
"SORBI_3002G347500"
"SORBI_3004G357200"
"SORBI_3004G357300"
"SORBI_3004G357400"
"SORBI_3004G357500"
"SORBI_3004G357600"
"SORBI_3004G357700"
"SORBI_3003G027000"
"SORBI_3003G027100"
"SORBI_3009G204300"
"SORBI_3009G204400"
"SORBI_3009G204501"
"SORBI_3009G204601"
"SORBI_3009G204700"
"SORBI_3004G163800"
"SORBI_3004G163900"
"SORBI_3002G347000"
"SORBI_3002G347100"
"SORBI_3001G505300"
"SORBI_3001G505400"
"SORBI_3001G505500"
"SORBI_3006G014300"
"SORBI_3009G134000"
"SORBI_3001G034300"
"SORBI_3001G034400"
"SORBI_3001G034500"
"SORBI_3004G180700"
"SORBI_3009G204800"
"SORBI_3009G204900"
"SORBI_3009G205000"
"SORBI_3010G194900"
"SORBI_3010G195000"
"SORBI_3010G140575"
"SORBI_3002G348000"
"SORBI_3004G051100"
"SORBI_3004G051133"
"SORBI_3004G051166"
"SORBI_3004G051200"
"SORBI_3001G276400"
"SORBI_3001G276500"
"SORBI_3007G147400"
"SORBI_3007G147600"
"SORBI_3007G147700"
"SORBI_3001G115300"
"SORBI_3001G115400"
"SORBI_3001G115500"
"SORBI_3004G281000"
"SORBI_3001G392200"
"SORBI_3001G392300"
"SORBI_3001G392400"
"SORBI_3001G392500"
"SORBI_3010G212600"
"SORBI_3010G212700"
"SORBI_3003G367451"
"SORBI_3003G367500"
"SORBI_3003G367650"
"SORBI_3003G367800"
"SORBI_3003G367900"
"SORBI_3003G368000"
"SORBI_3003G368100"
"SORBI_3001G114400"
"SORBI_3001G114500"
"SORBI_3001G114550"
"SORBI_3001G114600"
"SORBI_3001G114650"
"SORBI_3001G114700"
"SORBI_3001G115600"
"SORBI_3001G115700"
"SORBI_3001G115800"
"SORBI_3002G381500"
"SORBI_3002G381600"
"SORBI_3006G035800"
"SORBI_3006G035900"
"SORBI_3006G035950"
"SORBI_3007G009400"
"SORBI_3007G009500"
"SORBI_3001G209800"
"SORBI_3001G209900"
"SORBI_3001G210000"
"SORBI_3003G445500"
"SORBI_3003G445600"
"SORBI_3003G445700"
"SORBI_3003G445750"
"SORBI_3010G265700"
"SORBI_3010G265800"
"SORBI_3010G265900"
"SORBI_3010G266000"
"SORBI_3010G266100"
"SORBI_3009G090800"
"SORBI_3008G188600"
"SORBI_3008G188700"
"SORBI_3008G188800"
"SORBI_3005G051300"
"SORBI_3009G098200"
"SORBI_3008G091400"
"SORBI_3008G091500"
"SORBI_3003G161800"
"SORBI_3002G102200"
"SORBI_3005G019650"
"SORBI_3005G019700"
"SORBI_3005G019750"
"SORBI_3005G019800"
"SORBI_3008G090150"
"SORBI_3008G102050"
"SORBI_3003G263400"
"SORBI_3003G263450"
"SORBI_3003G263500"
"SORBI_3003G263600"
"SORBI_3003G263701"
"SORBI_3003G263800"
"SORBI_3003G263900"
"SORBI_3003G264000"
"SORBI_3003G264100"
"SORBI_3001G222700"
"SORBI_3001G036700"
"SORBI_3001G036800"
"SORBI_3001G036900"
"SORBI_3001G037000"
"SORBI_3007G035800"
"SORBI_3007G035900"
"SORBI_3007G036000"
"SORBI_3004G246950"
"SORBI_3004G247000"
"SORBI_3004G247100"
"SORBI_3004G247200"
"SORBI_3004G247300"
"SORBI_3003G078800"
"SORBI_3003G078900"
"SORBI_3003G079100"
"SORBI_3003G079200"
"SORBI_3010G050500"
"SORBI_3010G050600"
"SORBI_3010G050700"
"SORBI_3001G038100"
"SORBI_3001G038200"
"SORBI_3001G038300"
"SORBI_3001G038400"
"SORBI_3002G351700"
"SORBI_3002G351801"
"SORBI_3002G351900"
"SORBI_3002G352000"
"SORBI_3002G352100"
"SORBI_3002G352200"
"SORBI_3003G082300"
"SORBI_3003G082401"
"SORBI_3003G082500"
"SORBI_3003G082600"
"SORBI_3003G344600"
"SORBI_3003G344700"
"SORBI_3003G344800"
"SORBI_3003G344900"
"SORBI_3010G144600"
"SORBI_3003G275300"
"SORBI_3003G275400"
"SORBI_3005G154800"
"SORBI_3005G154850"
"SORBI_3005G154900"
"SORBI_3005G155001"
"SORBI_3005G155100"
"SORBI_3001G034700"
"SORBI_3001G034900"
"SORBI_3001G035000"
"SORBI_3001G035100"
"SORBI_3001G035200"
"SORBI_3001G035900"
"SORBI_3001G036050"
"SORBI_3001G036200"
"SORBI_3001G036300"
"SORBI_3001G036400"
"SORBI_3006G049450"
"SORBI_3003G191750"
"SORBI_3003G191800"
"SORBI_3001G036600"
"SORBI_3001G038050"
"SORBI_3004G335000"
"SORBI_3004G335100"
"SORBI_3004G335200"
"SORBI_3004G335300"
"SORBI_3003G027500"
"SORBI_3003G027600"
"SORBI_3003G027700"
"SORBI_3002G189100"
"SORBI_3001G422366"
"SORBI_3001G422432"
"SORBI_3001G422500"
"SORBI_3001G422600"
"SORBI_3001G422700"
"SORBI_3001G422800"
"SORBI_3001G301500"
"SORBI_3005G219000"
"SORBI_3005G219100"
"SORBI_3009G208400"
"SORBI_3009G208500"
"SORBI_3009G208600"
"SORBI_3009G208700"
"SORBI_3009G208800"
"SORBI_3009G208900"
"SORBI_3003G379400"
"SORBI_3003G379450"
"SORBI_3005G036300"
"SORBI_3005G036350"
"SORBI_3005G036400"
"SORBI_3005G036450"
"SORBI_3005G104400"
"SORBI_3005G104500"
"SORBI_3009G254000"
"SORBI_3009G254100"
"SORBI_3009G254200"
"SORBI_3009G254400"
"SORBI_3009G205100"
"SORBI_3009G205200"
"SORBI_3009G205300"
"SORBI_3010G166850"
"SORBI_3010G166900"
"SORBI_3005G110466"
"SORBI_3006G153100"
"SORBI_3006G153200"
"SORBI_3006G153300"
"SORBI_3003G206600"
"SORBI_3003G206700"
"SORBI_3003G206800"
"SORBI_3001G530900"
"SORBI_3001G531000"
"SORBI_3001G531100"
"SORBI_3001G531200"
"SORBI_3004G293700"
"SORBI_3004G293800"
"SORBI_3004G293900"
"SORBI_3004G294000"
"SORBI_3009G074700"
"SORBI_3009G074850"
"SORBI_3005G122100"
"SORBI_3008G021000"
"SORBI_3008G021100"
"SORBI_3008G021200"
"SORBI_3008G021300"
"SORBI_3008G021400"
"SORBI_3010G043600"
"SORBI_3010G043700"
"SORBI_3010G043800"
"SORBI_3010G043900"
"SORBI_3010G044001"
"SORBI_3010G044100"
"SORBI_3009G205400"
"SORBI_3009G205500"
"SORBI_3008G068400"
"SORBI_3007G155300"
"SORBI_3003G141550"
"SORBI_3003G192100"
"SORBI_3003G192200"
"SORBI_3009G204200"
"SORBI_3002G162601"
"SORBI_3004G335400"
"SORBI_3003G161950"
"SORBI_3001G398150"
"SORBI_3001G398200"
"SORBI_3001G398300"
"SORBI_3001G398400"
"SORBI_3005G151500"
"SORBI_3001G037500"
"SORBI_3001G037600"
"SORBI_3001G037700"
"SORBI_3001G037800"
"SORBI_3001G037900"
"SORBI_3001G038000"
"SORBI_3001G410300"
"SORBI_3001G410400"
"SORBI_3001G410450"
"SORBI_3001G410500"
"SORBI_3001G410600"
"SORBI_3001G410700"
"SORBI_3003G101400"
"SORBI_3003G101500"
"SORBI_3006G025000"
"SORBI_3007G110333"
"SORBI_3006G049600"
"SORBI_3006G049633"
"SORBI_3008G089700"
"SORBI_3005G160100"
"SORBI_3005G160200"
"SORBI_3005G160300"
"SORBI_3005G160400"
"SORBI_3005G098100"
"SORBI_3005G087900"
"SORBI_3009G118100"
"SORBI_3009G118200"
"SORBI_3009G118300"
"SORBI_3008G142500"
"SORBI_3008G142600"
"SORBI_3008G142700"
"SORBI_3008G142766"
"SORBI_3008G142832"
"SORBI_3008G142900"
"SORBI_3008G037000"
"SORBI_3008G037100"
"SORBI_3008G037200"
"SORBI_3002G381400"
"SORBI_3003G318300"
"SORBI_3003G128850"
"SORBI_3003G128900"
"SORBI_3001G202600"
"SORBI_3001G202700"
"SORBI_3001G202800"
"SORBI_3001G202900"
"SORBI_3001G203000"
"SORBI_3001G203100"
"SORBI_3001G353100"
"SORBI_3001G353200"
"SORBI_3001G353250"
"SORBI_3001G353300"
"SORBI_3007G036700"
"SORBI_3007G036750"
"SORBI_3007G036800"
"SORBI_3005G061801"
"SORBI_3005G061900"
"SORBI_3010G009200"
"SORBI_3010G009250"
"SORBI_3010G009300"
"SORBI_3010G009400"
"SORBI_3010G009466"
"SORBI_3008G082600"
"SORBI_3008G021700"
"SORBI_3009G209200"
"SORBI_3009G209300"
"SORBI_3009G209400"
"SORBI_3009G209500"
"SORBI_3009G209650"
"SORBI_3005G139400"
"SORBI_3005G139500"
"SORBI_3005G139600"
"SORBI_3005G139700"
"SORBI_3005G139750"
"SORBI_3006G050100"
"SORBI_3008G096200"
"SORBI_3005G077933"
"SORBI_3009G220250"
"SORBI_3009G220300"
"SORBI_3009G220400"
"SORBI_3009G220500"
"SORBI_3009G220600"
"SORBI_3009G220700"
"SORBI_3005G078132"
"SORBI_3004G058600"
"SORBI_3004G058700"
"SORBI_3003G238200"
"SORBI_3003G238250"
"SORBI_3003G238300"
"SORBI_3003G238400"
"SORBI_3003G238500"
"SORBI_3004G058200"
"SORBI_3004G058300"
"SORBI_3004G058400"
"SORBI_3004G058500"
"SORBI_3003G112500"
"SORBI_3003G112600"
"SORBI_3003G112700"
"SORBI_3003G112800"
"SORBI_3003G112001"
"SORBI_3003G112100"
"SORBI_3003G112200"
"SORBI_3003G112300"
"SORBI_3002G230201"
"SORBI_3002G230301"
"SORBI_3002G230400"
"SORBI_3002G203100"
"SORBI_3004G178901"
"SORBI_3002G085600"
"SORBI_3002G085700"
"SORBI_3002G205500"
"SORBI_3004G156000"
"SORBI_3002G205900"
"SORBI_3002G206000"
"SORBI_3002G206100"
"SORBI_3002G206200"
"SORBI_3001G142700"
"SORBI_3001G142800"
"SORBI_3001G142900"
"SORBI_3001G143000"
"SORBI_3002G205100"
"SORBI_3002G205201"
"SORBI_3002G205300"
"SORBI_3004G216900"
"SORBI_3004G217000"
"SORBI_3004G217100"
"SORBI_3005G227600"
"SORBI_3002G115300"
"SORBI_3004G139400"
"SORBI_3005G227400"
"SORBI_3005G227500"
"SORBI_3010G233400"
"SORBI_3010G233450"
"SORBI_3010G233500"
"SORBI_3008G100700"
"SORBI_3008G100801"
"SORBI_3008G100900"
"SORBI_3002G205600"
"SORBI_3008G047800"
"SORBI_3008G047900"
"SORBI_3005G195800"
"SORBI_3002G085400"
"SORBI_3002G085500"
"SORBI_3002G104300"
"SORBI_3001G544100"
"SORBI_3001G544200"
"SORBI_3001G544300"
"SORBI_3006G249200"
"SORBI_3003G160100"
"SORBI_3005G197200"
"SORBI_3005G197300"
"SORBI_3005G197350"
"SORBI_3005G197400"
"SORBI_3005G197500"
"SORBI_3005G197600"
"SORBI_3007G126000"
"SORBI_3005G131800"
"SORBI_3008G004300"
"SORBI_3008G004400"
"SORBI_3008G004500"
"SORBI_3008G004600"
"SORBI_3004G159500"
"SORBI_3004G159600"
"SORBI_3004G159733"
"SORBI_3002G079300"
"SORBI_3002G079400"
"SORBI_3002G079500"
"SORBI_3008G048000"
"SORBI_3008G048100"
"SORBI_3008G048200"
"SORBI_3008G048300"
"SORBI_3002G128400"
"SORBI_3002G128500"
"SORBI_3002G128600"
"SORBI_3003G223800"
"SORBI_3003G242900"
"SORBI_3003G243000"
"SORBI_3003G243100"
"SORBI_3003G243200"
"SORBI_3010G193700"
"SORBI_3010G193800"
"SORBI_3006G276200"
"SORBI_3006G276300"
"SORBI_3009G056032"
"SORBI_3009G056100"
"SORBI_3001G152500"
"SORBI_3001G152600"
"SORBI_3001G152700"
"SORBI_3001G152800"
"SORBI_3001G152901"
"SORBI_3002G150866"
"SORBI_3002G150932"
"SORBI_3005G082950"
"SORBI_3005G083000"
"SORBI_3007G113900"
"SORBI_3009G125850"
"SORBI_3009G125900"
"SORBI_3009G126000"
"SORBI_3008G083600"
"SORBI_3008G083650"
"SORBI_3008G083700"
"SORBI_3002G423700"
"SORBI_3002G423800"
"SORBI_3002G423901"
"SORBI_3002G424000"
"SORBI_3002G424100"
"SORBI_3008G072900"
"SORBI_3008G073000"
"SORBI_3005G072100"
"SORBI_3007G114100"
"SORBI_3008G132600"
"SORBI_3008G132700"
"SORBI_3008G132800"
"SORBI_3008G132900"
"SORBI_3008G083200"
"SORBI_3007G101800"
"SORBI_3007G076400"
"SORBI_3007G076500"
"SORBI_3007G076600"
"SORBI_3004G156950"
"SORBI_3008G073100"
"SORBI_3007G103400"
"SORBI_3003G429900"
"SORBI_3003G430000"
"SORBI_3003G430100"
"SORBI_3003G430400"
"SORBI_3008G180200"
"SORBI_3008G180300"
"SORBI_3007G137600"
"SORBI_3007G137700"
"SORBI_3007G137750"
"SORBI_3007G137800"
"SORBI_3007G137900"
"SORBI_3001G273200"
"SORBI_3005G047200"
"SORBI_3005G047300"
"SORBI_3005G047500"
"SORBI_3002G143700"
"SORBI_3008G160500"
"SORBI_3008G160600"
"SORBI_3008G160700"
"SORBI_3001G278800"
"SORBI_3001G278900"
"SORBI_3010G136400"
"SORBI_3007G065400"
"SORBI_3007G113950"
"SORBI_3010G190350"
"SORBI_3010G190400"
"SORBI_3004G157000"
"SORBI_3004G157050"
"SORBI_3004G157100"
"SORBI_3005G069500"
"SORBI_3005G069700"
"SORBI_3005G069800"
"SORBI_3005G041700"
"SORBI_3005G041800"
"SORBI_3005G041900"
"SORBI_3005G042000"
"SORBI_3005G042100"
"SORBI_3009G024000"
"SORBI_3009G024100"
"SORBI_3009G113800"
"SORBI_3003G247800"
"SORBI_3003G247900"
"SORBI_3003G248000"
"SORBI_3003G248100"
"SORBI_3008G001000"
"SORBI_3001G296400"
"SORBI_3001G328800"
"SORBI_3001G328850"
"SORBI_3001G328900"
"SORBI_3001G329001"
"SORBI_3001G329100"
"SORBI_3001G329200"
"SORBI_3001G329300"
"SORBI_3008G153700"
"SORBI_3008G153801"
"SORBI_3009G196900"
"SORBI_3009G197000"
"SORBI_3007G064600"
"SORBI_3007G064700"
"SORBI_3007G064800"
"SORBI_3005G063900"
"SORBI_3005G064000"
"SORBI_3010G135300"
"SORBI_3010G135450"
"SORBI_3001G430400"
"SORBI_3001G430500"
"SORBI_3001G430600"
"SORBI_3005G063700"
"SORBI_3005G063800"
"SORBI_3005G167300"
"SORBI_3005G167400"
"SORBI_3005G167450"
"SORBI_3008G082500"
"SORBI_3002G065900"
"SORBI_3002G066000"
"SORBI_3004G359700"
"SORBI_3004G359800"
"SORBI_3004G359900"
"SORBI_3008G092800"
"SORBI_3004G144600"
"SORBI_3004G144700"
"SORBI_3008G157100"
"SORBI_3008G157200"
"SORBI_3002G066100"
"SORBI_3002G066200"
"SORBI_3001G194700"
"SORBI_3001G194800"
"SORBI_3001G194900"
"SORBI_3001G062000"
"SORBI_3001G062066"
"SORBI_3001G062132"
"SORBI_3001G062200"
"SORBI_3001G062250"
"SORBI_3001G255001"
"SORBI_3001G087300"
"SORBI_3001G087400"
"SORBI_3001G087500"
"SORBI_3001G087600"
"SORBI_3006G010100"
"SORBI_3001G062300"
"SORBI_3003G351200"
"SORBI_3003G351300"
"SORBI_3003G351401"
"SORBI_3003G351501"
"SORBI_3003G351600"
"SORBI_3003G351701"
"SORBI_3003G351800"
"SORBI_3005G171800"
"SORBI_3005G171900"
"SORBI_3005G172000"
"SORBI_3005G172100"
"SORBI_3006G138400"
"SORBI_3006G138500"
"SORBI_3003G103701"
"SORBI_3002G332400"
"SORBI_3002G332500"
"SORBI_3002G332600"
"SORBI_3002G332750"
"SORBI_3002G332900"
"SORBI_3009G028100"
"SORBI_3009G028200"
"SORBI_3009G069400"
"SORBI_3009G069450"
"SORBI_3009G069500"
"SORBI_3009G069600"
"SORBI_3006G070032"
"SORBI_3003G248200"
"SORBI_3003G248300"
"SORBI_3003G248400"
"SORBI_3008G041000"
"SORBI_3008G041100"
"SORBI_3008G041300"
"SORBI_3008G076500"
"SORBI_3002G123200"
"SORBI_3002G123300"
"SORBI_3001G159300"
"SORBI_3001G159400"
"SORBI_3002G165300"
"SORBI_3002G165401"
"SORBI_3008G029200"
"SORBI_3008G029300"
"SORBI_3008G029400"
"SORBI_3008G029500"
"SORBI_3005G165500"
"SORBI_3008G023200"
"SORBI_3001G463600"
"SORBI_3001G463650"
"SORBI_3001G463700"
"SORBI_3001G463800"
"SORBI_3001G345800"
"SORBI_3001G345900"
"SORBI_3002G318900"
"SORBI_3002G319100"
"SORBI_3002G319200"
"SORBI_3002G319300"
"SORBI_3005G175150"
"SORBI_3003G121600"
"SORBI_3003G121700"
"SORBI_3003G121800"
"SORBI_3005G066100"
"SORBI_3008G029000"
"SORBI_3009G094900"
"SORBI_3010G273600"
"SORBI_3010G273700"
"SORBI_3010G273400"
"SORBI_3010G273500"
"SORBI_3009G085051"
"SORBI_3010G140100"
"SORBI_3007G103300"
"SORBI_3007G101600"
"SORBI_3003G391000"
"SORBI_3003G391100"
"SORBI_3003G391200"
"SORBI_3001G197000"
"SORBI_3001G197050"
"SORBI_3001G197100"
"SORBI_3001G197200"
"SORBI_3001G197300"
"SORBI_3001G197400"
"SORBI_3007G112766"
"SORBI_3007G112832"
"SORBI_3007G112900"
"SORBI_3007G113000"
"SORBI_3007G113101"
"SORBI_3010G138000"
"SORBI_3009G229000"
"SORBI_3009G229100"
"SORBI_3009G229200"
"SORBI_3007G073700"
"SORBI_3007G073750"
"SORBI_3007G073800"
"SORBI_3001G215100"
"SORBI_3010G241000"
"SORBI_3010G241100"
"SORBI_3010G241200"
"SORBI_3001G213832"
"SORBI_3001G214000"
"SORBI_3001G214100"
"SORBI_3001G214200"
"SORBI_3005G073400"
"SORBI_3005G073500"
"SORBI_3001G215000"
"SORBI_3009G070900"
"SORBI_3009G070950"
"SORBI_3009G071000"
"SORBI_3004G146100"
"SORBI_3004G146150"
"SORBI_3003G391600"
"SORBI_3003G391700"
"SORBI_3003G391800"
"SORBI_3003G391900"
"SORBI_3003G392000"
"SORBI_3002G170100"
"SORBI_3002G170200"
"SORBI_3003G073540"
"SORBI_3003G073620"
"SORBI_3003G073700"
"SORBI_3005G196533"
"SORBI_3005G196566"
"SORBI_3005G196600"
"SORBI_3005G196700"
"SORBI_3005G196800"
"SORBI_3003G375600"
"SORBI_3003G375700"
"SORBI_3003G375800"
"SORBI_3002G107000"
"SORBI_3009G013100"
"SORBI_3009G013200"
"SORBI_3003G331100"
"SORBI_3003G331200"
"SORBI_3003G331300"
"SORBI_3003G331400"
"SORBI_3001G476600"
"SORBI_3001G476700"
"SORBI_3001G476800"
"SORBI_3003G244800"
"SORBI_3003G244850"
"SORBI_3003G244900"
"SORBI_3003G245000"
"SORBI_3003G245101"
"SORBI_3003G245201"
"SORBI_3003G245300"
"SORBI_3003G030000"
"SORBI_3003G030100"
"SORBI_3008G022800"
"SORBI_3008G023000"
"SORBI_3008G023100"
"SORBI_3010G120300"
"SORBI_3005G196900"
"SORBI_3005G196950"
"SORBI_3003G157450"
"SORBI_3001G264000"
"SORBI_3005G218800"
"SORBI_3009G133000"
"SORBI_3009G133100"
"SORBI_3009G133201"
"SORBI_3009G087000"
"SORBI_3009G087100"
"SORBI_3009G087200"
"SORBI_3009G032400"
"SORBI_3009G032500"
"SORBI_3009G032533"
"SORBI_3009G032566"
"SORBI_3009G032600"
"SORBI_3002G075500"
"SORBI_3002G075600"
"SORBI_3002G075700"
"SORBI_3007G111200"
"SORBI_3004G142400"
"SORBI_3002G245100"
"SORBI_3002G245200"
"SORBI_3002G245300"
"SORBI_3002G245400"
"SORBI_3001G287700"
"SORBI_3001G287800"
"SORBI_3010G061300"
"SORBI_3010G061400"
"SORBI_3010G061500"
"SORBI_3010G061600"
"SORBI_3010G061700"
"SORBI_3010G061800"
"SORBI_3009G133300"
"SORBI_3009G133400"
"SORBI_3005G018200"
"SORBI_3005G018300"
"SORBI_3005G018400"
"SORBI_3005G196300"
"SORBI_3005G196400"
"SORBI_3005G196450"
"SORBI_3005G196500"
"SORBI_3007G090600"
"SORBI_3007G103100"
"SORBI_3007G103200"
"SORBI_3007G112400"
"SORBI_3006G042500"
"SORBI_3003G202600"
"SORBI_3009G199700"
"SORBI_3009G199750"
"SORBI_3009G199800"
"SORBI_3009G199900"
"SORBI_3009G200000"
"SORBI_3009G200100"
"SORBI_3001G137900"
"SORBI_3001G138000"
"SORBI_3001G138100"
"SORBI_3001G138200"
"SORBI_3007G099000"
"SORBI_3007G099100"
"SORBI_3003G126700"
"SORBI_3003G126750"
"SORBI_3003G126800"
"SORBI_3003G126900"
"SORBI_3003G127001"
"SORBI_3005G075301"
"SORBI_3005G075400"
"SORBI_3007G100600"
"SORBI_3007G100700"
"SORBI_3001G337400"
"SORBI_3001G337500"
"SORBI_3003G253600"
"SORBI_3003G253650"
"SORBI_3003G253700"
"SORBI_3003G253800"
"SORBI_3003G253900"
"SORBI_3003G254000"
"SORBI_3009G199401"
"SORBI_3009G199500"
"SORBI_3009G199601"
"SORBI_3010G062900"
"SORBI_3010G062950"
"SORBI_3010G063000"
"SORBI_3010G063033"
"SORBI_3007G112450"
"SORBI_3007G113200"
"SORBI_3007G100800"
"SORBI_3006G278800"
"SORBI_3006G278900"
"SORBI_3006G278950"
"SORBI_3006G279000"
"SORBI_3006G279100"
"SORBI_3006G279200"
"SORBI_3009G132900"
"SORBI_3002G203700"
"SORBI_3002G203800"
"SORBI_3007G100500"
"SORBI_3009G221800"
"SORBI_3009G221900"
"SORBI_3009G222000"
"SORBI_3009G222100"
"SORBI_3004G162300"
"SORBI_3004G162400"
"SORBI_3007G104450"
"SORBI_3008G073800"
"SORBI_3006G027101"
"SORBI_3007G113600"
"SORBI_3004G228400"
"SORBI_3004G228500"
"SORBI_3009G196500"
"SORBI_3009G196600"
"SORBI_3009G196700"
"SORBI_3009G196800"
"SORBI_3008G137000"
"SORBI_3008G137100"
"SORBI_3008G137200"
"SORBI_3008G137300"
"SORBI_3008G137400"
"SORBI_3009G220800"
"SORBI_3002G165500"
"SORBI_3002G165600"
"SORBI_3001G029400"
"SORBI_3001G029500"
"SORBI_3001G029600"
"SORBI_3001G029700"
"SORBI_3001G029800"
"SORBI_3005G061300"
"SORBI_3005G061400"
"SORBI_3005G061500"
"SORBI_3003G253400"
"SORBI_3003G253500"
"SORBI_3009G051101"
"SORBI_3009G051201"
"SORBI_3009G196200"
"SORBI_3009G196300"
"SORBI_3002G108200"
"SORBI_3002G108300"
"SORBI_3002G205700"
"SORBI_3002G205800"
"SORBI_3004G198300"
"SORBI_3004G198350"
"SORBI_3004G198400"
"SORBI_3003G202800"
"SORBI_3003G202900"
"SORBI_3003G203000"
"SORBI_3003G203100"
"SORBI_3003G203200"
"SORBI_3007G101000"
"SORBI_3006G033101"
"SORBI_3007G113400"
"SORBI_3002G257500"
"SORBI_3002G257600"
"SORBI_3002G257750"
"SORBI_3004G136800"
"SORBI_3007G009300"
"SORBI_3001G137800"
"SORBI_3001G143400"
"SORBI_3001G143500"
"SORBI_3001G143600"
"SORBI_3009G221600"
"SORBI_3009G221701"
"SORBI_3003G175833"
"SORBI_3008G080400"
"SORBI_3005G006701"
"SORBI_3007G113566"
"SORBI_3004G153600"
"SORBI_3004G153700"
"SORBI_3002G075400"
"SORBI_3001G197500"
"SORBI_3001G197600"
"SORBI_3001G197700"
"SORBI_3001G197800"
"SORBI_3009G015100"
"SORBI_3009G015133"
"SORBI_3002G343901"
"SORBI_3002G344000"
"SORBI_3007G103600"
"SORBI_3005G085400"
"SORBI_3009G220933"
"SORBI_3009G220966"
"SORBI_3009G221000"
"SORBI_3003G074600"
"SORBI_3003G074700"
"SORBI_3003G074801"
"SORBI_3003G074900"
"SORBI_3002G147300"
"SORBI_3001G141500"
"SORBI_3001G141600"
"SORBI_3001G141700"
"SORBI_3001G141800"
"SORBI_3001G141900"
"SORBI_3007G113800"
"SORBI_3010G165300"
"SORBI_3010G165400"
"SORBI_3007G138000"
"SORBI_3007G138100"
"SORBI_3007G138200"
"SORBI_3007G138300"
"SORBI_3007G138401"
"SORBI_3007G138501"
"SORBI_3006G044532"
"SORBI_3009G106300"
"SORBI_3009G106400"
"SORBI_3009G106500"
"SORBI_3009G106601"
"SORBI_3001G215201"
"SORBI_3003G253000"
"SORBI_3003G253100"
"SORBI_3003G253200"
"SORBI_3003G253300"
"SORBI_3003G253350"
"SORBI_3002G392550"
"SORBI_3002G392600"
"SORBI_3002G392700"
"SORBI_3002G392800"
"SORBI_3001G156100"
"SORBI_3001G156200"
"SORBI_3001G156300"
"SORBI_3001G156401"
"SORBI_3001G156500"
"SORBI_3007G102000"
"SORBI_3005G199000"
"SORBI_3008G171900"
"SORBI_3008G172000"
"SORBI_3008G172100"
"SORBI_3008G172200"
"SORBI_3008G172300"
"SORBI_3009G048532"
"SORBI_3007G114700"
"SORBI_3007G103732"
"SORBI_3007G103666"
"SORBI_3005G138600"
"SORBI_3004G203666"
"SORBI_3004G203700"
"SORBI_3004G203800"
"SORBI_3004G203900"
"SORBI_3004G204000"
"SORBI_3007G103000"
"SORBI_3001G288200"
"SORBI_3001G288301"
"SORBI_3002G081850"
"SORBI_3002G081900"
"SORBI_3002G082000"
"SORBI_3002G155200"
"SORBI_3010G090301"
"SORBI_3010G090401"
"SORBI_3010G090500"
"SORBI_3005G063000"
"SORBI_3005G063100"
"SORBI_3009G194200"
"SORBI_3009G194300"
"SORBI_3009G194400"
"SORBI_3009G194500"
"SORBI_3009G194600"
"SORBI_3003G035500"
"SORBI_3003G035601"
"SORBI_3003G035700"
"SORBI_3007G114401"
"SORBI_3008G150400"
"SORBI_3008G150500"
"SORBI_3008G150700"
"SORBI_3008G088300"
"SORBI_3008G088400"
"SORBI_3008G088450"
"SORBI_3008G104000"
"SORBI_3008G104100"
"SORBI_3008G104200"
"SORBI_3006G036300"
"SORBI_3010G170150"
"SORBI_3010G170300"
"SORBI_3007G114200"
"SORBI_3001G275800"
"SORBI_3007G150100"
"SORBI_3007G150200"
"SORBI_3007G150500"
"SORBI_3004G171500"
"SORBI_3004G171600"
"SORBI_3004G171700"
"SORBI_3004G171800"
"SORBI_3007G066566"
"SORBI_3005G217832"
"SORBI_3005G217900"
"SORBI_3005G218000"
"SORBI_3003G422000"
"SORBI_3003G422100"
"SORBI_3003G422200"
"SORBI_3003G422300"
"SORBI_3003G422400"
"SORBI_3003G422500"
"SORBI_3003G422600"
"SORBI_3003G422700"
"SORBI_3004G163350"
"SORBI_3004G163400"
"SORBI_3004G163500"
"SORBI_3004G163600"
"SORBI_3004G163700"
"SORBI_3005G218100"
"SORBI_3005G218201"
"SORBI_3007G050600"
"SORBI_3007G050650"
"SORBI_3005G030233"
"SORBI_3005G030266"
"SORBI_3005G030300"
"SORBI_3005G030400"
"SORBI_3008G043400"
"SORBI_3008G043450"
"SORBI_3008G043500"
"SORBI_3008G043600"
"SORBI_3006G009100"
"SORBI_3004G229300"
"SORBI_3004G229400"
"SORBI_3004G229500"
"SORBI_3003G180200"
"SORBI_3006G059700"
"SORBI_3002G338400"
"SORBI_3002G338450"
"SORBI_3002G338500"
"SORBI_3002G338600"
"SORBI_3007G100900"
"SORBI_3001G502100"
"SORBI_3001G502200"
"SORBI_3001G502300"
"SORBI_3001G502400"
"SORBI_3001G502450"
"SORBI_3003G138200"
"SORBI_3007G133900"
"SORBI_3007G134000"
"SORBI_3007G134100"
"SORBI_3002G162200"
"SORBI_3001G265200"
"SORBI_3003G155900"
"SORBI_3003G156000"
"SORBI_3007G103350"
"SORBI_3003G210300"
"SORBI_3003G210400"
"SORBI_3003G210500"
"SORBI_3006G179400"
"SORBI_3006G179500"
"SORBI_3009G104900"
"SORBI_3004G093200"
"SORBI_3004G093300"
"SORBI_3004G093400"
"SORBI_3004G063900"
"SORBI_3002G157200"
"SORBI_3002G157300"
"SORBI_3002G033700"
"SORBI_3002G033800"
"SORBI_3002G033900"
"SORBI_3002G034100"
"SORBI_3010G161000"
"SORBI_3002G313800"
"SORBI_3002G313850"
"SORBI_3002G313900"
"SORBI_3004G092800"
"SORBI_3004G092900"
"SORBI_3004G092950"
"SORBI_3004G093000"
"SORBI_3009G215400"
"SORBI_3009G215500"
"SORBI_3009G215600"
"SORBI_3010G126100"
"SORBI_3004G123600"
"SORBI_3007G088400"
"SORBI_3007G088500"
"SORBI_3002G161400"
"SORBI_3007G099133"
"SORBI_3008G184000"
"SORBI_3008G184100"
"SORBI_3003G210100"
"SORBI_3003G210200"
"SORBI_3008G085600"
"SORBI_3008G085700"
"SORBI_3008G085800"
"SORBI_3001G014900"
"SORBI_3001G015000"
"SORBI_3001G015100"
"SORBI_3001G015200"
"SORBI_3001G015300"
"SORBI_3001G015400"
"SORBI_3008G018600"
"SORBI_3008G018700"
"SORBI_3008G018800"
"SORBI_3008G018900"
"SORBI_3003G137600"
"SORBI_3002G112400"
"SORBI_3002G112500"
"SORBI_3002G112600"
"SORBI_3003G210601"
"SORBI_3007G137101"
"SORBI_3010G013400"
"SORBI_3010G013500"
"SORBI_3010G013600"
"SORBI_3010G013700"
"SORBI_3001G300066"
"SORBI_3001G300100"
"SORBI_3001G300201"
"SORBI_3001G300301"
"SORBI_3003G336200"
"SORBI_3003G336300"
"SORBI_3003G336400"
"SORBI_3003G336500"
"SORBI_3004G141200"
"SORBI_3004G093100"
"SORBI_3001G247550"
"SORBI_3006G053100"
"SORBI_3006G053200"
"SORBI_3001G012900"
"SORBI_3001G013000"
"SORBI_3001G013100"
"SORBI_3001G013200"
"SORBI_3002G188900"
"SORBI_3002G087900"
"SORBI_3002G088000"
"SORBI_3002G088100"
"SORBI_3002G088200"
"SORBI_3002G088300"
"SORBI_3002G088400"
"SORBI_3001G244900"
"SORBI_3007G096866"
"SORBI_3007G096900"
"SORBI_3002G338300"
"SORBI_3002G147350"
"SORBI_3010G051700"
"SORBI_3010G051800"
"SORBI_3010G051900"
"SORBI_3010G168600"
"SORBI_3002G424200"
"SORBI_3002G424350"
"SORBI_3009G095300"
"SORBI_3006G046700"
"SORBI_3006G046900"
"SORBI_3003G249600"
"SORBI_3003G249700"
"SORBI_3003G249800"
"SORBI_3009G208200"
"SORBI_3009G208300"
"SORBI_3010G150900"
"SORBI_3010G151000"
"SORBI_3002G392900"
"SORBI_3009G085200"
"SORBI_3007G213500"
"SORBI_3007G213600"
"SORBI_3002G338700"
"SORBI_3002G393000"
"SORBI_3010G154500"
"SORBI_3010G154600"
"SORBI_3010G056500"
"SORBI_3010G056600"
"SORBI_3009G062900"
"SORBI_3009G063000"
"SORBI_3007G218200"
"SORBI_3007G218000"
"SORBI_3007G218100"
"SORBI_3001G308600"
"SORBI_3001G308700"
"SORBI_3001G308800"
"SORBI_3001G308900"
"SORBI_3001G309000"
"SORBI_3007G217900"
"SORBI_3005G193600"
"SORBI_3005G193700"
"SORBI_3005G193800"
"SORBI_3005G193900"
"SORBI_3004G254100"
"SORBI_3004G254200"
"SORBI_3004G308700"
"SORBI_3004G308800"
"SORBI_3004G308900"
"SORBI_3004G309000"
"SORBI_3008G159250"
"SORBI_3008G159300"
"SORBI_3010G110800"
"SORBI_3005G200200"
"SORBI_3003G160200"
"SORBI_3003G160300"
"SORBI_3003G160400"
"SORBI_3003G160433"
"SORBI_3009G144600"
"SORBI_3009G144700"
"SORBI_3009G144800"
"SORBI_3010G098866"
"SORBI_3010G098932"
"SORBI_3010G099000"
"SORBI_3010G099100"
"SORBI_3010G099200"
"SORBI_3001G374200"
"SORBI_3004G231900"
"SORBI_3004G232000"
"SORBI_3004G232100"
"SORBI_3004G232201"
"SORBI_3004G232300"
"SORBI_3004G232400"
"SORBI_3002G154300"
"SORBI_3002G390400"
"SORBI_3002G390500"
"SORBI_3002G390600"
"SORBI_3002G390700"
"SORBI_3002G390800"
"SORBI_3005G161100"
"SORBI_3006G194200"
"SORBI_3006G194300"
"SORBI_3006G194400"
"SORBI_3006G194500"
"SORBI_3005G161600"
"SORBI_3005G105550"
"SORBI_3005G105600"
"SORBI_3003G440700"
"SORBI_3009G066100"
"SORBI_3004G142000"
"SORBI_3005G112566"
"SORBI_3005G112632"
"SORBI_3001G523200"
"SORBI_3001G523300"
"SORBI_3001G523400"
"SORBI_3001G523500"
"SORBI_3001G200500"
"SORBI_3001G200600"
"SORBI_3001G200700"
"SORBI_3001G442500"
"SORBI_3001G442600"
"SORBI_3001G442700"
"SORBI_3001G442750"
"SORBI_3002G039800"
"SORBI_3002G039900"
"SORBI_3002G040100"
"SORBI_3002G040201"
"SORBI_3001G273875"
"SORBI_3007G212900"
"SORBI_3001G065600"
"SORBI_3006G037700"
"SORBI_3009G223600"
"SORBI_3009G223700"
"SORBI_3009G223800"
"SORBI_3009G223900"
"SORBI_3009G224000"
"SORBI_3009G224100"
"SORBI_3003G432700"
"SORBI_3003G432800"
"SORBI_3003G432900"
"SORBI_3003G433000"
"SORBI_3008G120760"
"SORBI_3010G134700"
"SORBI_3001G303100"
"SORBI_3001G303200"
"SORBI_3001G303300"
"SORBI_3001G303600"
"SORBI_3003G217900"
"SORBI_3003G218000"
"SORBI_3003G218100"
"SORBI_3003G218200"
"SORBI_3008G126400"
"SORBI_3005G042600"
"SORBI_3005G042700"
"SORBI_3007G213000"
"SORBI_3001G252800"
"SORBI_3008G126500"
"SORBI_3001G443700"
"SORBI_3001G443800"
"SORBI_3001G443850"
"SORBI_3001G443900"
"SORBI_3005G227151"
"SORBI_3001G480700"
"SORBI_3001G480800"
"SORBI_3009G223500"
"SORBI_3001G443300"
"SORBI_3001G443400"
"SORBI_3001G443500"
"SORBI_3001G443600"
"SORBI_3002G155100"
"SORBI_3002G198900"
"SORBI_3002G199000"
"SORBI_3002G199100"
"SORBI_3002G199200"
"SORBI_3009G239700"
"SORBI_3009G239800"
"SORBI_3009G239900"
"SORBI_3009G240000"
"SORBI_3009G240100"
"SORBI_3007G213100"
"SORBI_3007G213200"
"SORBI_3004G254300"
"SORBI_3004G022850"
"SORBI_3004G022900"
"SORBI_3006G048100"
"SORBI_3006G048201"
"SORBI_3009G224200"
"SORBI_3001G303000"
"SORBI_3007G213700"
"SORBI_3007G213800"
"SORBI_3007G213925"
"SORBI_3001G480900"
"SORBI_3003G247500"
"SORBI_3008G192800"
"SORBI_3008G192900"
"SORBI_3008G193000"
"SORBI_3009G165200"
"SORBI_3007G214400"
"SORBI_3007G214500"
"SORBI_3007G214600"
"SORBI_3007G214700"
"SORBI_3007G214800"
"SORBI_3007G213300"
"SORBI_3003G432300"
"SORBI_3003G432400"
"SORBI_3003G432500"
"SORBI_3003G432600"
"SORBI_3003G163401"
"SORBI_3009G165100"
"SORBI_3007G127200"
"SORBI_3007G216300"
"SORBI_3007G216401"
"SORBI_3007G216500"
"SORBI_3007G216550"
"SORBI_3007G216600"
"SORBI_3006G206100"
"SORBI_3006G206200"
"SORBI_3002G198500"
"SORBI_3002G198600"
"SORBI_3002G198700"
"SORBI_3002G198801"
"SORBI_3007G214050"
"SORBI_3007G214175"
"SORBI_3007G214300"
"SORBI_3003G218500"
"SORBI_3003G218600"
"SORBI_3001G269000"
"SORBI_3002G189600"
"SORBI_3002G189700"
"SORBI_3007G092400"
"SORBI_3001G502500"
"SORBI_3003G225200"
"SORBI_3003G225300"
"SORBI_3003G225500"
"SORBI_3003G225600"
"SORBI_3001G501000"
"SORBI_3001G501100"
"SORBI_3001G501200"
"SORBI_3001G501300"
"SORBI_3004G245700"
"SORBI_3009G099300"
"SORBI_3004G114600"
"SORBI_3004G114700"
"SORBI_3006G155150"
"SORBI_3006G155200"
"SORBI_3006G155300"
"SORBI_3006G155400"
"SORBI_3006G155500"
"SORBI_3006G155600"
"SORBI_3006G155700"
"SORBI_3007G026800"
"SORBI_3007G026900"
"SORBI_3007G027000"
"SORBI_3007G027100"
"SORBI_3004G116300"
"SORBI_3010G168800"
"SORBI_3010G168900"
"SORBI_3002G267500"
"SORBI_3002G267600"
"SORBI_3002G267700"
"SORBI_3002G267800"
"SORBI_3002G267900"
"SORBI_3002G268000"
"SORBI_3009G048350"
"SORBI_3009G048400"
"SORBI_3007G062100"
"SORBI_3007G062200"
"SORBI_3004G146300"
"SORBI_3004G146400"
"SORBI_3004G102600"
"SORBI_3002G194900"
"SORBI_3002G195000"
"SORBI_3002G195033"
"SORBI_3004G158600"
"SORBI_3004G158700"
"SORBI_3004G158800"
"SORBI_3007G026700"
"SORBI_3002G195300"
"SORBI_3009G010800"
"SORBI_3009G010900"
"SORBI_3009G011000"
"SORBI_3009G011050"
"SORBI_3009G011100"
"SORBI_3009G011200"
"SORBI_3006G027500"
"SORBI_3006G018800"
"SORBI_3006G018900"
"SORBI_3001G258600"
"SORBI_3001G258700"
"SORBI_3001G258801"
"SORBI_3006G020200"
"SORBI_3010G051500"
"SORBI_3010G051600"
"SORBI_3006G046400"
"SORBI_3006G046500"
"SORBI_3006G046600"
"SORBI_3007G208600"
"SORBI_3007G208700"
"SORBI_3007G208800"
"SORBI_3006G053700"
"SORBI_3006G046300"
"SORBI_3001G183200"
"SORBI_3004G107900"
"SORBI_3004G108001"
"SORBI_3004G108100"
"SORBI_3010G052000"
"SORBI_3001G273700"
"SORBI_3001G273800"
"SORBI_3006G031833"
"SORBI_3006G031866"
"SORBI_3007G129201"
"SORBI_3007G129300"
"SORBI_3007G217100"
"SORBI_3007G217200"
"SORBI_3007G217300"
"SORBI_3007G217350"
"SORBI_3007G217400"
"SORBI_3007G217500"
"SORBI_3005G232200"
"SORBI_3006G010700"
"SORBI_3006G010800"
"SORBI_3006G010900"
"SORBI_3006G011000"
"SORBI_3006G011100"
"SORBI_3002G348100"
"SORBI_3006G021500"
"SORBI_3003G169900"
"SORBI_3003G173700"
"SORBI_3006G027700"
"SORBI_3008G081150"
"SORBI_3008G081200"
"SORBI_3003G164700"
"SORBI_3003G367200"
"SORBI_3003G367300"
"SORBI_3003G367350"
"SORBI_3003G367401"
"SORBI_3003G082800"
"SORBI_3003G082900"
"SORBI_3003G082950"
"SORBI_3004G268800"
"SORBI_3004G268900"
"SORBI_3004G269000"
"SORBI_3001G463100"
"SORBI_3001G463200"
"SORBI_3001G463301"
"SORBI_3001G463400"
"SORBI_3001G463450"
"SORBI_3001G463500"
"SORBI_3002G143100"
"SORBI_3005G141000"
"SORBI_3003G053900"
"SORBI_3003G054000"
"SORBI_3003G054100"
"SORBI_3003G054200"
"SORBI_3005G018900"
"SORBI_3005G122500"
"SORBI_3005G122600"
"SORBI_3001G211400"
"SORBI_3001G211500"
"SORBI_3003G065501"
"SORBI_3003G065600"
"SORBI_3003G065700"
"SORBI_3003G065800"
"SORBI_3003G065900"
"SORBI_3003G066000"
"SORBI_3008G070800"
"SORBI_3002G137200"
"SORBI_3006G025300"
"SORBI_3003G249900"
"SORBI_3003G250000"
"SORBI_3003G250100"
"SORBI_3001G243600"
"SORBI_3008G089600"
"SORBI_3005G089900"
"SORBI_3007G111901"
"SORBI_3007G112000"
"SORBI_3001G243100"
"SORBI_3001G243150"
"SORBI_3001G243200"
"SORBI_3001G082100"
"SORBI_3001G082200"
"SORBI_3008G093500"
"SORBI_3005G120400"
"SORBI_3002G066300"
"SORBI_3002G066350"
"SORBI_3002G066400"
"SORBI_3002G066600"
"SORBI_3002G066700"
"SORBI_3001G088900"
"SORBI_3001G089000"
"SORBI_3001G089100"
"SORBI_3001G266400"
"SORBI_3001G266500"
"SORBI_3001G266600"
"SORBI_3009G215350"
"SORBI_3002G165700"
"SORBI_3002G165800"
"SORBI_3001G258200"
"SORBI_3001G265800"
"SORBI_3003G325400"
"SORBI_3003G325500"
"SORBI_3003G136400"
"SORBI_3003G136500"
"SORBI_3005G214600"
"SORBI_3005G214700"
"SORBI_3004G132150"
"SORBI_3004G132200"
"SORBI_3010G053100"
"SORBI_3010G053200"
"SORBI_3010G053300"
"SORBI_3010G053400"
"SORBI_3005G114800"
"SORBI_3005G128700"
"SORBI_3006G010200"
"SORBI_3008G130400"
"SORBI_3008G130500"
"SORBI_3008G130601"
"SORBI_3008G130700"
"SORBI_3009G003600"
"SORBI_3009G003700"
"SORBI_3010G134400"
"SORBI_3002G146501"
"SORBI_3002G146601"
"SORBI_3010G162800"
"SORBI_3010G162900"
"SORBI_3003G188300"
"SORBI_3004G350800"
"SORBI_3004G350900"
"SORBI_3004G351000"
"SORBI_3004G351100"
"SORBI_3010G010000"
"SORBI_3010G010100"
"SORBI_3003G255600"
"SORBI_3003G255700"
"SORBI_3004G099600"
"SORBI_3004G099650"
"SORBI_3009G084500"
"SORBI_3004G099700"
"SORBI_3004G099750"
"SORBI_3004G099800"
"SORBI_3010G084700"
"SORBI_3010G084800"
"SORBI_3010G084900"
"SORBI_3010G085000"
"SORBI_3003G255500"
"SORBI_3001G063300"
"SORBI_3001G063400"
"SORBI_3004G103300"
"SORBI_3004G103400"
"SORBI_3003G258900"
"SORBI_3003G259000"
"SORBI_3003G259100"
"SORBI_3003G259200"
"SORBI_3003G259300"
"SORBI_3004G113100"
"SORBI_3004G113201"
"SORBI_3004G113300"
"SORBI_3005G041400"
"SORBI_3005G041450"
"SORBI_3005G041500"
"SORBI_3003G155400"
"SORBI_3006G043300"
"SORBI_3006G043400"
"SORBI_3003G303500"
"SORBI_3003G303600"
"SORBI_3003G303700"
"SORBI_3003G303800"
"SORBI_3003G303900"
"SORBI_3006G037800"
"SORBI_3006G031900"
"SORBI_3006G032000"
"SORBI_3003G008500"
"SORBI_3003G323700"
"SORBI_3003G323750"
"SORBI_3003G323800"
"SORBI_3003G323900"
"SORBI_3006G038700"
"SORBI_3006G027601"
"SORBI_3006G046200"
"SORBI_3006G046100"
"SORBI_3003G154600"
"SORBI_3003G154700"
"SORBI_3003G154800"
"SORBI_3007G216800"
"SORBI_3007G216900"
"SORBI_3007G217000"
"SORBI_3006G026600"
"SORBI_3006G026700"
"SORBI_3006G040900"
"SORBI_3006G044866"
"SORBI_3006G044932"
"SORBI_3006G045000"
"SORBI_3003G315900"
"SORBI_3003G316000"
"SORBI_3003G316100"
"SORBI_3009G245800"
"SORBI_3009G245900"
"SORBI_3009G246000"
"SORBI_3009G246100"
"SORBI_3009G246200"
"SORBI_3006G031300"
"SORBI_3006G031400"
"SORBI_3006G031500"
"SORBI_3006G031600"
"SORBI_3006G031701"
"SORBI_3003G152000"
"SORBI_3003G152050"
"SORBI_3003G152100"
"SORBI_3006G037600"
"SORBI_3006G037650"
"SORBI_3006G042600"
"SORBI_3006G045601"
"SORBI_3006G045700"
"SORBI_3009G155500"
"SORBI_3006G037900"
"SORBI_3006G053800"
"SORBI_3005G057201"
"SORBI_3010G071200"
"SORBI_3010G071300"
"SORBI_3010G071400"
"SORBI_3006G027000"
"SORBI_3003G154300"
"SORBI_3003G154400"
"SORBI_3006G041932"
"SORBI_3010G053600"
"SORBI_3010G053700"
"SORBI_3010G053800"
"SORBI_3005G004300"
"SORBI_3005G004400"
"SORBI_3005G004500"
"SORBI_3005G004600"
"SORBI_3010G051400"
"SORBI_3003G315700"
"SORBI_3006G043800"
"SORBI_3006G043901"
"SORBI_3003G164400"
"SORBI_3006G039600"
"SORBI_3006G039700"
"SORBI_3001G231100"
"SORBI_3001G231200"
"SORBI_3002G421400"
"SORBI_3002G421501"
"SORBI_3002G421600"
"SORBI_3002G421700"
"SORBI_3009G209100"
"SORBI_3009G209150"
"SORBI_3005G169500"
"SORBI_3005G169600"
"SORBI_3001G276800"
"SORBI_3009G225100"
"SORBI_3009G225200"
"SORBI_3009G225250"
"SORBI_3009G225300"
"SORBI_3009G047900"
"SORBI_3009G048000"
"SORBI_3005G169400"
"SORBI_3006G024500"
"SORBI_3009G205600"
"SORBI_3009G222200"
"SORBI_3009G222400"
"SORBI_3009G222500"
"SORBI_3009G222600"
"SORBI_3002G142900"
"SORBI_3002G142950"
"SORBI_3010G098800"
"SORBI_3003G152200"
"SORBI_3003G152300"
"SORBI_3003G152400"
"SORBI_3002G215800"
"SORBI_3002G215866"
"SORBI_3002G215932"
"SORBI_3002G216000"
"SORBI_3004G127132"
"SORBI_3004G119100"
"SORBI_3010G139550"
"SORBI_3002G215700"
"SORBI_3003G176600"
"SORBI_3006G273200"
"SORBI_3006G273300"
"SORBI_3006G273400"
"SORBI_3002G386900"
"SORBI_3002G387000"
"SORBI_3008G188950"
"SORBI_3008G189000"
"SORBI_3008G189100"
"SORBI_3008G189200"
"SORBI_3001G282500"
"SORBI_3001G282600"
"SORBI_3001G282700"
"SORBI_3010G217400"
"SORBI_3010G217466"
"SORBI_3010G217532"
"SORBI_3010G087600"
"SORBI_3010G087700"
"SORBI_3010G087800"
"SORBI_3010G087900"
"SORBI_3010G088000"
"SORBI_3010G088100"
"SORBI_3010G088200"
"SORBI_3010G217600"
"SORBI_3004G146700"
"SORBI_3010G217700"
"SORBI_3010G217800"
"SORBI_3010G217900"
"SORBI_3010G218000"
"SORBI_3010G087500"
"SORBI_3010G218100"
"SORBI_3010G218200"
"SORBI_3010G218300"
"SORBI_3010G218400"
"SORBI_3004G080350"
"SORBI_3004G080400"
"SORBI_3004G080500"
"SORBI_3004G080600"
"SORBI_3004G080700"
"SORBI_3004G080800"
"SORBI_3005G033900"
"SORBI_3005G034000"
"SORBI_3005G034100"
"SORBI_3005G034200"
"SORBI_3010G148400"
"SORBI_3002G068300"
"SORBI_3002G068400"
"SORBI_3002G068500"
"SORBI_3002G068600"
"SORBI_3010G218500"
"SORBI_3010G218600"
"SORBI_3003G175950"
"SORBI_3010G218700"
"SORBI_3010G091300"
"SORBI_3010G091333"
"SORBI_3010G091366"
"SORBI_3010G091400"
"SORBI_3010G086100"
"SORBI_3010G086200"
"SORBI_3010G086300"
"SORBI_3010G086400"
"SORBI_3005G034300"
"SORBI_3008G189300"
"SORBI_3008G189400"
"SORBI_3008G189500"
"SORBI_3010G134801"
"SORBI_3001G536300"
"SORBI_3001G536400"
"SORBI_3001G536500"
"SORBI_3001G536600"
"SORBI_3001G536700"
"SORBI_3001G362001"
"SORBI_3002G387100"
"SORBI_3002G387200"
"SORBI_3002G129800"
"SORBI_3010G101700"
"SORBI_3008G188900"
"SORBI_3008G059200"
"SORBI_3005G165566"
"SORBI_3005G165632"
"SORBI_3005G165700"
"SORBI_3010G104000"
"SORBI_3010G104100"
"SORBI_3010G276000"
"SORBI_3010G276100"
"SORBI_3010G132000"
"SORBI_3003G248500"
"SORBI_3003G248600"
"SORBI_3010G219000"
"SORBI_3010G219100"
"SORBI_3010G219200"
"SORBI_3010G219300"
"SORBI_3010G219400"
"SORBI_3010G219500"
"SORBI_3010G121200"
"SORBI_3010G121300"
"SORBI_3002G236700"
"SORBI_3002G236800"
"SORBI_3002G236900"
"SORBI_3002G237000"
"SORBI_3002G237100"
"SORBI_3002G237200"
"SORBI_3005G019000"
"SORBI_3005G019100"
"SORBI_3005G019200"
"SORBI_3010G131900"
"SORBI_3010G131950"
"SORBI_3005G120433"
"SORBI_3010G276600"
"SORBI_3010G276700"
"SORBI_3010G276800"
"SORBI_3010G276850"
"SORBI_3010G276900"
"SORBI_3010G277000"
"SORBI_3006G056100"
"SORBI_3005G194000"
"SORBI_3005G194100"
"SORBI_3005G194200"
"SORBI_3006G044600"
"SORBI_3002G068701"
"SORBI_3010G131700"
"SORBI_3001G352600"
"SORBI_3001G352633"
"SORBI_3001G352666"
"SORBI_3001G352700"
"SORBI_3001G352800"
"SORBI_3003G216901"
"SORBI_3010G140800"
"SORBI_3008G121080"
"SORBI_3010G141500"
"SORBI_3008G150100"
"SORBI_3008G150150"
"SORBI_3008G150200"
"SORBI_3008G150300"
"SORBI_3007G101900"
"SORBI_3003G356600"
"SORBI_3003G356700"
"SORBI_3003G356800"
"SORBI_3003G356850"
"SORBI_3010G132100"
"SORBI_3010G132200"
"SORBI_3010G132300"
"SORBI_3010G132400"
"SORBI_3009G148100"
"SORBI_3009G148200"
"SORBI_3008G059500"
"SORBI_3008G059566"
"SORBI_3002G164960"
"SORBI_3004G229200"
"SORBI_3010G141400"
"SORBI_3001G187200"
"SORBI_3001G187300"
"SORBI_3010G132600"
"SORBI_3010G138400"
"SORBI_3010G132800"
"SORBI_3010G131200"
"SORBI_3010G131300"
"SORBI_3010G131400"
"SORBI_3010G131500"
"SORBI_3010G131600"
"SORBI_3010G131000"
"SORBI_3010G131101"
"SORBI_3001G457600"
"SORBI_3003G032400"
"SORBI_3003G032450"
"SORBI_3003G032500"
"SORBI_3003G032600"
"SORBI_3003G032700"
"SORBI_3010G142900"
"SORBI_3010G220700"
"SORBI_3001G418800"
"SORBI_3001G418900"
"SORBI_3001G419000"
"SORBI_3010G220800"
"SORBI_3010G139600"
"SORBI_3001G419200"
"SORBI_3001G419300"
"SORBI_3001G419400"
"SORBI_3010G137500"
"SORBI_3010G132700"
"SORBI_3010G133000"
"SORBI_3001G418700"
"SORBI_3001G519900"
"SORBI_3001G520000"
"SORBI_3001G520050"
"SORBI_3001G520100"
"SORBI_3001G520200"
"SORBI_3010G133250"
"SORBI_3010G133100"
"SORBI_3010G133275"
"SORBI_3003G176650"
"SORBI_3009G016600"
"SORBI_3009G016633"
"SORBI_3009G016666"
"SORBI_3009G016700"
"SORBI_3008G033700"
"SORBI_3008G033750"
"SORBI_3002G105700"
"SORBI_3002G105800"
"SORBI_3004G097800"
"SORBI_3004G097900"
"SORBI_3010G277500"
"SORBI_3010G277600"
"SORBI_3010G277700"
"SORBI_3010G277800"
"SORBI_3003G033200"
"SORBI_3003G033300"
"SORBI_3003G033400"
"SORBI_3003G033500"
"SORBI_3003G033600"
"SORBI_3003G033700"
"SORBI_3003G033800"
"SORBI_3010G138850"
"SORBI_3010G225900"
"SORBI_3010G225950"
"SORBI_3010G226000"
"SORBI_3002G385800"
"SORBI_3002G385900"
"SORBI_3002G386000"
"SORBI_3002G386100"
"SORBI_3010G132900"
"SORBI_3010G132500"
"SORBI_3010G132550"
"SORBI_3010G133300"
"SORBI_3010G133400"
"SORBI_3002G036850"
"SORBI_3010G274200"
"SORBI_3010G274300"
"SORBI_3010G142600"
"SORBI_3001G519100"
"SORBI_3001G519200"
"SORBI_3001G519300"
"SORBI_3001G519400"
"SORBI_3001G519500"
"SORBI_3001G385800"
"SORBI_3001G385900"
"SORBI_3010G277400"
"SORBI_3010G277550"
"SORBI_3010G099900"
"SORBI_3010G100000"
"SORBI_3010G100100"
"SORBI_3010G150100"
"SORBI_3010G150200"
"SORBI_3002G106000"
"SORBI_3002G106100"
"SORBI_3010G134500"
"SORBI_3003G443500"
"SORBI_3003G443601"
"SORBI_3003G443700"
"SORBI_3010G133150"
"SORBI_3010G276400"
"SORBI_3010G276500"
"SORBI_3010G140550"
"SORBI_3010G249200"
"SORBI_3010G249300"
"SORBI_3010G249400"
"SORBI_3010G249500"
"SORBI_3010G249600"
"SORBI_3010G249700"
"SORBI_3010G133450"
"SORBI_3010G133500"
"SORBI_3010G140750"
"SORBI_3004G087500"
"SORBI_3004G087600"
"SORBI_3004G087700"
"SORBI_3004G087750"
"SORBI_3010G277100"
"SORBI_3010G277200"
"SORBI_3010G277300"
"SORBI_3003G185400"
"SORBI_3010G142132"
"SORBI_3002G387300"
"SORBI_3004G087800"
"SORBI_3004G087900"
"SORBI_3002G390000"
"SORBI_3002G390100"
"SORBI_3002G390200"
"SORBI_3002G390300"
"SORBI_3005G067200"
"SORBI_3005G067300"
"SORBI_3002G106200"
"SORBI_3002G387400"
"SORBI_3002G387450"
"SORBI_3010G140200"
"SORBI_3010G140300"
"SORBI_3010G150325"
"SORBI_3010G150450"
"SORBI_3001G519600"
"SORBI_3001G519700"
"SORBI_3001G519800"
"SORBI_3010G099800"
"SORBI_3010G100150"
"SORBI_3010G133200"
"SORBI_3010G143900"
"SORBI_3010G133225"
"SORBI_3007G046800"
"SORBI_3007G046900"
"SORBI_3007G046950"
"SORBI_3007G047000"
"SORBI_3007G047050"
"SORBI_3007G047100"
"SORBI_3005G142800"
"SORBI_3010G145500"
"SORBI_3010G141600"
"SORBI_3010G225701"
"SORBI_3010G225801"
"SORBI_3002G101700"
"SORBI_3001G510800"
"SORBI_3001G511000"
"SORBI_3001G511100"
"SORBI_3005G036600"
"SORBI_3005G036700"
"SORBI_3004G097700"
"SORBI_3010G133566"
"SORBI_3010G133632"
"SORBI_3010G133700"
"SORBI_3010G133800"
"SORBI_3010G133866"
"SORBI_3008G120920"
"SORBI_3010G248150"
"SORBI_3010G248200"
"SORBI_3010G248301"
"SORBI_3010G248400"
"SORBI_3010G248500"
"SORBI_3006G093500"
"SORBI_3006G093550"
"SORBI_3001G184500"
"SORBI_3001G184650"
"SORBI_3001G184800"
"SORBI_3001G184900"
"SORBI_3001G184950"
"SORBI_3001G185000"
"SORBI_3010G134900"
"SORBI_3010G133932"
"SORBI_3002G133200"
"SORBI_3010G091600"
"SORBI_3010G134000"
"SORBI_3010G134100"
"SORBI_3010G110200"
"SORBI_3010G110266"
"SORBI_3010G225600"
"SORBI_3001G024300"
"SORBI_3001G024400"
"SORBI_3001G024500"
"SORBI_3001G024700"
"SORBI_3001G024800"
"SORBI_3001G024900"
"SORBI_3010G138900"
"SORBI_3004G094600"
"SORBI_3004G094700"
"SORBI_3010G137700"
"SORBI_3010G137800"
"SORBI_3001G446900"
"SORBI_3001G447000"
"SORBI_3001G447100"
"SORBI_3001G534200"
"SORBI_3001G534300"
"SORBI_3001G385400"
"SORBI_3001G385500"
"SORBI_3010G144900"
"SORBI_3010G150800"
"SORBI_3003G144900"
"SORBI_3010G146100"
"SORBI_3010G091500"
"SORBI_3001G031300"
"SORBI_3001G031400"
"SORBI_3001G031500"
"SORBI_3001G031600"
"SORBI_3001G031700"
"SORBI_3001G031800"
"SORBI_3001G031900"
"SORBI_3002G106600"
"SORBI_3002G106700"
"SORBI_3010G104200"
"SORBI_3010G104300"
"SORBI_3010G143600"
"SORBI_3010G142501"
"SORBI_3010G144500"
"SORBI_3002G385500"
"SORBI_3002G385601"
"SORBI_3002G385700"
"SORBI_3010G110901"
"SORBI_3010G138300"
"SORBI_3002G134700"
"SORBI_3002G048700"
"SORBI_3002G048800"
"SORBI_3002G048900"
"SORBI_3002G049000"
"SORBI_3001G030500"
"SORBI_3001G030600"
"SORBI_3001G030800"
"SORBI_3001G030900"
"SORBI_3001G031000"
"SORBI_3001G031100"
"SORBI_3010G126300"
"SORBI_3010G126400"
"SORBI_3002G133150"
"SORBI_3002G376600"
"SORBI_3002G376700"
"SORBI_3002G376800"
"SORBI_3002G376900"
"SORBI_3002G377000"
"SORBI_3004G095100"
"SORBI_3010G145300"
"SORBI_3002G134800"
"SORBI_3002G020400"
"SORBI_3002G020500"
"SORBI_3002G020600"
"SORBI_3005G152100"
"SORBI_3003G325600"
"SORBI_3003G325700"
"SORBI_3003G325800"
"SORBI_3010G143500"
"SORBI_3010G140400"
"SORBI_3001G263900"
"SORBI_3010G147400"
"SORBI_3010G147500"
"SORBI_3008G189600"
"SORBI_3008G189700"
"SORBI_3008G189800"
"SORBI_3005G045100"
"SORBI_3005G045200"
"SORBI_3005G045250"
"SORBI_3001G534132"
"SORBI_3010G137366"
"SORBI_3010G101300"
"SORBI_3010G101350"
"SORBI_3010G101400"
"SORBI_3001G449100"
"SORBI_3001G449200"
"SORBI_3001G449300"
"SORBI_3001G449400"
"SORBI_3001G018500"
"SORBI_3001G018550"
"SORBI_3001G018600"
"SORBI_3001G018700"
"SORBI_3001G018800"
"SORBI_3001G018900"
"SORBI_3010G138350"
"SORBI_3010G134600"
"SORBI_3002G134600"
"SORBI_3006G247700"
"SORBI_3006G247800"
"SORBI_3006G247900"
"SORBI_3010G139100"
"SORBI_3003G363700"
"SORBI_3003G363800"
"SORBI_3003G363900"
"SORBI_3003G364000"
"SORBI_3003G364100"
"SORBI_3003G364200"
"SORBI_3003G364300"
"SORBI_3001G031200"
"SORBI_3010G147250"
"SORBI_3010G147300"
"SORBI_3010G147350"
"SORBI_3010G218800"
"SORBI_3010G218900"
"SORBI_3010G110332"
"SORBI_3002G133300"
"SORBI_3002G133350"
"SORBI_3010G150575"
"SORBI_3010G150600"
"SORBI_3010G150700"
"SORBI_3006G139700"
"SORBI_3006G139900"
"SORBI_3006G140000"
"SORBI_3010G151050"
"SORBI_3010G151100"
"SORBI_3005G174100"
"SORBI_3005G174200"
"SORBI_3005G174400"
"SORBI_3001G025000"
"SORBI_3001G025101"
"SORBI_3001G025201"
"SORBI_3001G025300"
"SORBI_3010G150701"
"SORBI_3002G386200"
"SORBI_3002G386300"
"SORBI_3002G386400"
"SORBI_3002G386500"
"SORBI_3001G534066"
"SORBI_3002G386600"
"SORBI_3010G138950"
"SORBI_3010G148700"
"SORBI_3002G377100"
"SORBI_3002G377200"
"SORBI_3010G135000"
"SORBI_3010G129100"
"SORBI_3010G129200"
"SORBI_3010G103100"
"SORBI_3010G103200"
"SORBI_3010G103300"
"SORBI_3010G103400"
"SORBI_3001G268700"
"SORBI_3010G135900"
"SORBI_3001G021400"
"SORBI_3001G021500"
"SORBI_3001G448750"
"SORBI_3010G135800"
"SORBI_3002G105900"
"SORBI_3010G141433"
"SORBI_3009G177200"
"SORBI_3009G177300"
"SORBI_3009G177400"
"SORBI_3010G137333"
"SORBI_3003G278600"
"SORBI_3003G278633"
"SORBI_3006G093300"
"SORBI_3006G093400"
"SORBI_3005G050300"
"SORBI_3001G510700"
"SORBI_3009G088200"
"SORBI_3010G145100"
"SORBI_3001G309100"
"SORBI_3006G093600"
"SORBI_3006G093700"
"SORBI_3006G093800"
"SORBI_3006G093900"
"SORBI_3010G155300"
"SORBI_3010G277900"
"SORBI_3010G278000"
"SORBI_3010G136000"
"SORBI_3010G144000"
"SORBI_3010G103900"
"SORBI_3010G136250"
"SORBI_3010G136300"
"SORBI_3010G143633"
"SORBI_3001G020900"
"SORBI_3001G021000"
"SORBI_3001G021100"
"SORBI_3001G021200"
"SORBI_3001G021300"
"SORBI_3010G110400"
"SORBI_3010G110500"
"SORBI_3010G136450"
"SORBI_3010G142700"
"SORBI_3010G140600"
"SORBI_3010G143800"
"SORBI_3004G065400"
"SORBI_3004G065500"
"SORBI_3004G065600"
"SORBI_3010G144800"
"SORBI_3003G202100"
"SORBI_3003G202200"
"SORBI_3002G067050"
"SORBI_3002G067100"
"SORBI_3001G418300"
"SORBI_3001G418400"
"SORBI_3001G418500"
"SORBI_3001G418600"
"SORBI_3001G418650"
"SORBI_3010G148501"
"SORBI_3001G025900"
"SORBI_3001G026000"
"SORBI_3001G026100"
"SORBI_3004G299700"
"SORBI_3004G299850"
"SORBI_3004G300000"
"SORBI_3003G391400"
"SORBI_3003G391500"
"SORBI_3002G376500"
"SORBI_3001G446500"
"SORBI_3010G135600"
"SORBI_3010G135700"
"SORBI_3001G247900"
"SORBI_3004G095000"
"SORBI_3003G157600"
"SORBI_3001G020500"
"SORBI_3001G020600"
"SORBI_3001G020700"
"SORBI_3001G020800"
"SORBI_3010G135250"
"SORBI_3004G213800"
"SORBI_3004G213900"
"SORBI_3010G103000"
"SORBI_3010G146200"
"SORBI_3010G146300"
"SORBI_3010G134650"
"SORBI_3001G021601"
"SORBI_3002G150400"
"SORBI_3002G150550"
"SORBI_3001G449500"
"SORBI_3001G449600"
"SORBI_3010G114100"
"SORBI_3001G352900"
"SORBI_3003G392100"
"SORBI_3002G142500"
"SORBI_3002G142550"
"SORBI_3002G142600"
"SORBI_3010G140500"
"SORBI_3010G135200"
"SORBI_3010G147100"
"SORBI_3002G194500"
"SORBI_3010G144050"
"SORBI_3010G144100"
"SORBI_3008G171100"
"SORBI_3008G171200"
"SORBI_3008G171300"
"SORBI_3008G171400"
"SORBI_3008G171500"
"SORBI_3005G019250"
"SORBI_3005G019300"
"SORBI_3001G450800"
"SORBI_3001G450900"
"SORBI_3001G451000"
"SORBI_3005G130001"
"SORBI_3005G141801"
"SORBI_3010G139000"
"SORBI_3010G137600"
"SORBI_3010G138800"
"SORBI_3010G148932"
"SORBI_3010G149000"
"SORBI_3005G145300"
"SORBI_3005G145400"
"SORBI_3003G392600"
"SORBI_3003G392700"
"SORBI_3003G392800"
"SORBI_3003G392900"
"SORBI_3010G143400"
"SORBI_3002G390900"
"SORBI_3002G391000"
"SORBI_3002G391100"
"SORBI_3002G391200"
"SORBI_3001G451100"
"SORBI_3001G451150"
"SORBI_3001G451200"
"SORBI_3001G451300"
"SORBI_3010G136900"
"SORBI_3010G136950"
"SORBI_3010G137000"
"SORBI_3010G137100"
"SORBI_3010G150000"
"SORBI_3010G138200"
"SORBI_3010G145000"
"SORBI_3003G139400"
"SORBI_3010G142300"
"SORBI_3004G164600"
"SORBI_3004G164650"
"SORBI_3003G392200"
"SORBI_3003G392275"
"SORBI_3010G136100"
"SORBI_3010G136200"
"SORBI_3006G028600"
"SORBI_3010G143700"
"SORBI_3001G418000"
"SORBI_3001G418100"
"SORBI_3003G277900"
"SORBI_3003G278000"
"SORBI_3003G278100"
"SORBI_3010G140525"
"SORBI_3010G143000"
"SORBI_3001G417900"
"SORBI_3001G418200"
"SORBI_3004G095200"
"SORBI_3002G004900"
"SORBI_3002G005000"
"SORBI_3002G005100"
"SORBI_3001G451901"
"SORBI_3001G452000"
"SORBI_3001G452100"
"SORBI_3001G452200"
"SORBI_3010G120350"
"SORBI_3006G032700"
"SORBI_3010G276200"
"SORBI_3001G256750"
"SORBI_3008G160000"
"SORBI_3008G160100"
"SORBI_3008G160150"
"SORBI_3008G160200"
"SORBI_3010G137300"
"SORBI_3001G004200"
"SORBI_3001G004300"
"SORBI_3001G004400"
"SORBI_3010G104400"
"SORBI_3010G104500"
"SORBI_3005G050350"
"SORBI_3010G146500"
"SORBI_3010G167900"
"SORBI_3004G094900"
"SORBI_3009G070000"
"SORBI_3009G070033"
"SORBI_3010G151575"
"SORBI_3001G449800"
"SORBI_3001G449900"
"SORBI_3001G450000"
"SORBI_3010G139200"
"SORBI_3004G094300"
"SORBI_3004G175700"
"SORBI_3004G175800"
"SORBI_3010G140150"
"SORBI_3008G088851"
"SORBI_3008G088854"
"SORBI_3008G088857"
"SORBI_3001G530400"
"SORBI_3001G530500"
"SORBI_3001G530600"
"SORBI_3002G004600"
"SORBI_3002G004700"
"SORBI_3002G004800"
"SORBI_3002G035700"
"SORBI_3010G144450"
"SORBI_3010G145650"
"SORBI_3010G145900"
"SORBI_3010G146400"
"SORBI_3004G322300"
"SORBI_3004G322400"
"SORBI_3004G322500"
"SORBI_3004G322550"
"SORBI_3010G140700"
"SORBI_3010G141700"
"SORBI_3010G141800"
"SORBI_3010G141966"
"SORBI_3010G138500"
"SORBI_3010G138600"
"SORBI_3010G016100"
"SORBI_3010G016200"
"SORBI_3010G016250"
"SORBI_3010G016300"
"SORBI_3008G046800"
"SORBI_3003G184600"
"SORBI_3010G147200"
"SORBI_3003G444100"
"SORBI_3003G444200"
"SORBI_3003G444300"
"SORBI_3003G444400"
"SORBI_3003G444500"
"SORBI_3003G444600"
"SORBI_3003G444700"
"SORBI_3010G139301"
"SORBI_3010G139400"
"SORBI_3001G185100"
"SORBI_3006G094000"
"SORBI_3006G094100"
"SORBI_3004G130916"
"SORBI_3002G385450"
"SORBI_3010G144700"
"SORBI_3003G128300"
"SORBI_3003G128350"
"SORBI_3001G253000"
"SORBI_3001G253050"
"SORBI_3001G253100"
"SORBI_3001G253200"
"SORBI_3005G106432"
"SORBI_3005G106500"
"SORBI_3010G275800"
"SORBI_3010G135100"
"SORBI_3004G129900"
"SORBI_3004G130001"
"SORBI_3001G027300"
"SORBI_3001G027400"
"SORBI_3001G027500"
"SORBI_3001G027600"
"SORBI_3001G027700"
"SORBI_3001G027800"
"SORBI_3001G027900"
"SORBI_3002G005200"
"SORBI_3010G149500"
"SORBI_3010G090550"
"SORBI_3010G090600"
"SORBI_3001G185200"
"SORBI_3001G185300"
"SORBI_3001G185400"
"SORBI_3009G214300"
"SORBI_3009G214400"
"SORBI_3009G214500"
"SORBI_3009G214600"
"SORBI_3009G214700"
"SORBI_3010G151325"
"SORBI_3002G059100"
"SORBI_3002G059200"
"SORBI_3002G059300"
"SORBI_3002G059500"
"SORBI_3005G081000"
"SORBI_3005G081100"
"SORBI_3001G536200"
"SORBI_3004G174900"
"SORBI_3004G175000"
"SORBI_3010G189600"
"SORBI_3010G189700"
"SORBI_3008G121240"
"SORBI_3010G146600"
"SORBI_3010G134200"
"SORBI_3009G193400"
"SORBI_3009G193500"
"SORBI_3010G158766"
"SORBI_3010G158832"
"SORBI_3010G160100"
"SORBI_3010G160200"
"SORBI_3002G171700"
"SORBI_3001G268400"
"SORBI_3001G268550"
"SORBI_3010G156800"
"SORBI_3005G217300"
"SORBI_3004G317100"
"SORBI_3004G317200"
"SORBI_3010G137400"
"SORBI_3010G144250"
"SORBI_3010G144400"
"SORBI_3010G145800"
"SORBI_3010G146000"
"SORBI_3010G146900"
"SORBI_3010G147000"
"SORBI_3005G219300"
"SORBI_3005G219500"
"SORBI_3005G219600"
"SORBI_3003G087000"
"SORBI_3003G087100"
"SORBI_3003G087200"
"SORBI_3003G087300"
"SORBI_3003G087400"
"SORBI_3003G356900"
"SORBI_3003G357000"
"SORBI_3003G357100"
"SORBI_3003G357166"
"SORBI_3010G086500"
"SORBI_3010G086600"
"SORBI_3004G228000"
"SORBI_3004G228100"
"SORBI_3004G228200"
"SORBI_3010G139500"
"SORBI_3010G146350"
"SORBI_3010G146800"
"SORBI_3002G195066"
"SORBI_3005G220300"
"SORBI_3005G220400"
"SORBI_3005G220500"
"SORBI_3005G220560"
"SORBI_3010G138700"
"SORBI_3001G269300"
"SORBI_3005G078600"
"SORBI_3001G446800"
"SORBI_3002G001300"
"SORBI_3002G001400"
"SORBI_3001G522700"
"SORBI_3001G522800"
"SORBI_3001G522900"
"SORBI_3001G523000"
"SORBI_3001G523050"
"SORBI_3001G523100"
"SORBI_3001G523150"
"SORBI_3004G174500"
"SORBI_3004G174600"
"SORBI_3004G174700"
"SORBI_3004G174800"
"SORBI_3005G110454"
"SORBI_3003G083300"
"SORBI_3003G083400"
"SORBI_3010G151450"
"SORBI_3002G137300"
"SORBI_3005G169300"
"SORBI_3001G275950"
"SORBI_3004G224900"
"SORBI_3004G225000"
"SORBI_3004G225100"
"SORBI_3004G225200"
"SORBI_3004G225300"
"SORBI_3010G278100"
"SORBI_3010G278200"
"SORBI_3002G315100"
"SORBI_3002G315200"
"SORBI_3002G315400"
"SORBI_3010G152250"
"SORBI_3005G099550"
"SORBI_3009G070500"
"SORBI_3009G070600"
"SORBI_3002G389900"
"SORBI_3004G094400"
"SORBI_3004G094500"
"SORBI_3008G119400"
"SORBI_3008G119501"
"SORBI_3008G119600"
"SORBI_3003G002100"
"SORBI_3004G175900"
"SORBI_3004G176000"
"SORBI_3010G125400"
"SORBI_3002G196350"
"SORBI_3002G196500"
"SORBI_3002G196600"
"SORBI_3003G114750"
"SORBI_3003G114800"
"SORBI_3003G393700"
"SORBI_3003G393800"
"SORBI_3003G393900"
"SORBI_3003G394000"
"SORBI_3003G394100"
"SORBI_3003G394150"
"SORBI_3010G086700"
"SORBI_3009G214800"
"SORBI_3005G099800"
"SORBI_3004G121800"
"SORBI_3002G061800"
"SORBI_3009G243600"
"SORBI_3009G243800"
"SORBI_3003G132200"
"SORBI_3003G132300"
"SORBI_3001G532100"
"SORBI_3001G532200"
"SORBI_3001G532300"
"SORBI_3008G088836"
"SORBI_3010G152300"
"SORBI_3010G152400"
"SORBI_3001G192100"
"SORBI_3001G192200"
"SORBI_3006G001600"
"SORBI_3009G221500"
"SORBI_3001G140600"
"SORBI_3001G140700"
"SORBI_3001G140800"
"SORBI_3001G260800"
"SORBI_3010G104600"
"SORBI_3009G095560"
"SORBI_3003G393001"
"SORBI_3004G111500"
"SORBI_3004G111600"
"SORBI_3003G132100"
"SORBI_3003G202300"
"SORBI_3003G202400"
"SORBI_3003G202500"
"SORBI_3006G075100"
"SORBI_3010G143100"
"SORBI_3010G143200"
"SORBI_3010G095100"
"SORBI_3010G095200"
"SORBI_3001G534400"
"SORBI_3009G085250"
"SORBI_3008G183600"
"SORBI_3001G187900"
"SORBI_3001G188000"
"SORBI_3001G188100"
"SORBI_3009G112700"
"SORBI_3009G112800"
"SORBI_3003G011000"
"SORBI_3003G011100"
"SORBI_3003G011200"
"SORBI_3005G057301"
"SORBI_3001G259800"
"SORBI_3001G259850"
"SORBI_3003G143600"
"SORBI_3003G143700"
"SORBI_3008G162600"
"SORBI_3008G162700"
"SORBI_3010G017700"
"SORBI_3010G017800"
"SORBI_3005G117500"
"SORBI_3002G145550"
"SORBI_3009G058100"
"SORBI_3008G126700"
"SORBI_3008G126800"
"SORBI_3008G127000"
"SORBI_3008G127100"
"SORBI_3002G073400"
"SORBI_3005G046600"
"SORBI_3002G124900"
"SORBI_3002G125000"
"SORBI_3006G178700"
"SORBI_3006G185900"
"SORBI_3006G214400"
"SORBI_3006G214500"
"SORBI_3006G214600"
"SORBI_3006G214700"
"SORBI_3005G039200"
"SORBI_3005G039350"
"SORBI_3005G039500"
"SORBI_3001G330500"
"SORBI_3004G091900"
"SORBI_3004G129201"
"SORBI_3002G261300"
"SORBI_3002G261400"
"SORBI_3002G261450"
"SORBI_3002G261500"
"SORBI_3004G037200"
"SORBI_3009G225500"
"SORBI_3001G161000"
"SORBI_3001G161100"
"SORBI_3001G161200"
"SORBI_3006G214800"
"SORBI_3006G214900"
"SORBI_3006G190900"
"SORBI_3006G190950"
"SORBI_3006G214000"
"SORBI_3006G214200"
"SORBI_3006G214300"
"SORBI_3006G214101"
"SORBI_3004G324350"
"SORBI_3007G186000"
"SORBI_3007G186100"
"SORBI_3006G213900"
"SORBI_3008G146900"
"SORBI_3008G147000"
"SORBI_3004G193500"
"SORBI_3004G193600"
"SORBI_3004G193700"
"SORBI_3004G193800"
"SORBI_3006G213601"
"SORBI_3006G213700"
"SORBI_3006G213800"
"SORBI_3004G103600"
"SORBI_3004G103700"
"SORBI_3004G131040"
"SORBI_3006G205700"
"SORBI_3006G205800"
"SORBI_3006G205900"
"SORBI_3008G062800"
"SORBI_3008G062900"
"SORBI_3010G082201"
"SORBI_3010G082300"
"SORBI_3010G082400"
"SORBI_3010G082500"
"SORBI_3001G235100"
"SORBI_3006G207300"
"SORBI_3006G207400"
"SORBI_3003G178800"
"SORBI_3006G185200"
"SORBI_3006G185300"
"SORBI_3006G185400"
"SORBI_3006G185500"
"SORBI_3005G068900"
"SORBI_3005G069000"
"SORBI_3006G084800"
"SORBI_3006G084900"
"SORBI_3004G132700"
"SORBI_3002G118900"
"SORBI_3004G095400"
"SORBI_3004G095500"
"SORBI_3004G095600"
"SORBI_3001G037100"
"SORBI_3001G037200"
"SORBI_3001G037300"
"SORBI_3001G037400"
"SORBI_3001G037550"
"SORBI_3009G122700"
"SORBI_3007G132700"
"SORBI_3004G148500"
"SORBI_3005G119950"
"SORBI_3005G120000"
"SORBI_3005G120101"
"SORBI_3004G225700"
"SORBI_3004G225800"
"SORBI_3004G225900"
"SORBI_3009G005750"
"SORBI_3009G005800"
"SORBI_3009G005900"
"SORBI_3009G006000"
"SORBI_3009G006100"
"SORBI_3009G006200"
"SORBI_3009G006300"
"SORBI_3009G102000"
"SORBI_3004G201200"
"SORBI_3010G153201"
"SORBI_3010G153300"
"SORBI_3006G224000"
"SORBI_3006G224100"
"SORBI_3006G224200"
"SORBI_3006G224300"
"SORBI_3006G224400"
"SORBI_3006G224500"
"SORBI_3001G269200"
"SORBI_3001G111366"
"SORBI_3001G111500"
"SORBI_3006G223900"
"SORBI_3005G137700"
"SORBI_3005G137800"
"SORBI_3005G137900"
"SORBI_3005G137400"
"SORBI_3001G261501"
"SORBI_3005G136300"
"SORBI_3006G225800"
"SORBI_3006G225900"
"SORBI_3006G226000"
"SORBI_3006G226100"
"SORBI_3006G227750"
"SORBI_3006G227800"
"SORBI_3006G227900"
"SORBI_3006G228000"
"SORBI_3001G048700"
"SORBI_3001G048766"
"SORBI_3001G048832"
"SORBI_3001G048900"
"SORBI_3006G149400"
"SORBI_3006G149500"
"SORBI_3006G149600"
"SORBI_3006G149650"
"SORBI_3006G149700"
"SORBI_3002G071600"
"SORBI_3005G137500"
"SORBI_3004G115800"
"SORBI_3004G115900"
"SORBI_3004G115950"
"SORBI_3004G116000"
"SORBI_3006G223850"
"SORBI_3004G135200"
"SORBI_3003G125900"
"SORBI_3003G126100"
"SORBI_3010G155401"
"SORBI_3005G054700"
"SORBI_3005G054800"
"SORBI_3005G056600"
"SORBI_3005G056800"
"SORBI_3010G113300"
"SORBI_3010G056300"
"SORBI_3004G136500"
"SORBI_3003G187000"
"SORBI_3003G187100"
"SORBI_3001G070600"
"SORBI_3001G070700"
"SORBI_3001G070800"
"SORBI_3001G070900"
"SORBI_3003G086300"
"SORBI_3003G086400"
"SORBI_3003G086500"
"SORBI_3003G086600"
"SORBI_3002G206300"
"SORBI_3009G048100"
"SORBI_3007G126100"
"SORBI_3007G126150"
"SORBI_3004G233900"
"SORBI_3004G234000"
"SORBI_3004G234100"
"SORBI_3004G234200"
"SORBI_3004G234300"
"SORBI_3007G109301"
"SORBI_3005G115200"
"SORBI_3010G261800"
"SORBI_3004G137300"
"SORBI_3004G137400"
"SORBI_3002G121100"
"SORBI_3002G121201"
"SORBI_3003G083100"
"SORBI_3003G083200"
"SORBI_3010G261900"
"SORBI_3008G075400"
"SORBI_3010G143300"
"SORBI_3006G036700"
"SORBI_3003G162000"
"SORBI_3003G162100"
"SORBI_3003G144950"
"SORBI_3003G145000"
"SORBI_3003G195300"
"SORBI_3003G195400"
"SORBI_3001G261589"
"SORBI_3004G110700"
"SORBI_3002G224300"
"SORBI_3001G211000"
"SORBI_3004G337925"
"SORBI_3004G337950"
"SORBI_3004G337975"
"SORBI_3004G338000"
"SORBI_3004G122100"
"SORBI_3002G074600"
"SORBI_3002G074700"
"SORBI_3002G074800"
"SORBI_3008G074500"
"SORBI_3008G074600"
"SORBI_3008G074700"
"SORBI_3001G253400"
"SORBI_3003G198000"
"SORBI_3003G198016"
"SORBI_3003G198032"
"SORBI_3003G198048"
"SORBI_3010G153600"
"SORBI_3002G039200"
"SORBI_3002G039301"
"SORBI_3002G096101"
"SORBI_3002G096201"
"SORBI_3004G166000"
"SORBI_3004G166100"
"SORBI_3004G099400"
"SORBI_3004G099500"
"SORBI_3002G052700"
"SORBI_3002G052800"
"SORBI_3010G240800"
"SORBI_3010G240900"
"SORBI_3008G156600"
"SORBI_3008G156700"
"SORBI_3008G156800"
"SORBI_3008G156900"
"SORBI_3002G306100"
"SORBI_3002G306201"
"SORBI_3002G306300"
"SORBI_3002G306400"
"SORBI_3002G040500"
"SORBI_3002G040550"
"SORBI_3002G040600"
"SORBI_3002G040700"
"SORBI_3006G039300"
"SORBI_3006G022700"
"SORBI_3006G022800"
"SORBI_3006G022900"
"SORBI_3002G143500"
"SORBI_3002G143600"
"SORBI_3003G379500"
"SORBI_3003G379600"
"SORBI_3004G157600"
"SORBI_3004G157700"
"SORBI_3010G170800"
"SORBI_3010G170900"
"SORBI_3003G095150"
"SORBI_3003G095200"
"SORBI_3004G052900"
"SORBI_3004G053000"
"SORBI_3004G053100"
"SORBI_3004G053200"
"SORBI_3004G152900"
"SORBI_3004G153000"
"SORBI_3008G098400"
"SORBI_3008G098500"
"SORBI_3008G101200"
"SORBI_3009G063301"
"SORBI_3009G063400"
"SORBI_3009G063450"
"SORBI_3002G297800"
"SORBI_3002G297900"
"SORBI_3002G298100"
"SORBI_3002G298201"
"SORBI_3007G183900"
"SORBI_3007G094700"
"SORBI_3010G065600"
"SORBI_3010G065700"
"SORBI_3010G065800"
"SORBI_3003G180100"
"SORBI_3008G100600"
"SORBI_3002G299500"
"SORBI_3002G299600"
"SORBI_3002G299700"
"SORBI_3002G306000"
"SORBI_3004G096300"
"SORBI_3008G154600"
"SORBI_3008G154700"
"SORBI_3008G154801"
"SORBI_3008G154900"
"SORBI_3008G155000"
"SORBI_3008G155150"
"SORBI_3008G139100"
"SORBI_3001G089200"
"SORBI_3002G138900"
"SORBI_3008G058200"
"SORBI_3008G058300"
"SORBI_3009G028300"
"SORBI_3009G028400"
"SORBI_3009G003000"
"SORBI_3005G151300"
"SORBI_3003G262600"
"SORBI_3003G262650"
"SORBI_3003G262700"
"SORBI_3003G262900"
"SORBI_3003G263001"
"SORBI_3003G263100"
"SORBI_3003G263300"
"SORBI_3007G099966"
"SORBI_3010G021900"
"SORBI_3010G022000"
"SORBI_3005G097600"
"SORBI_3003G228300"
"SORBI_3008G102600"
"SORBI_3010G169000"
"SORBI_3003G086700"
"SORBI_3006G165000"
"SORBI_3006G165100"
"SORBI_3006G165200"
"SORBI_3001G183401"
"SORBI_3008G063800"
"SORBI_3010G230700"
"SORBI_3010G245601"
"SORBI_3010G245701"
"SORBI_3010G245800"
"SORBI_3010G245900"
"SORBI_3010G246000"
"SORBI_3007G084900"
"SORBI_3008G084100"
"SORBI_3003G007650"
"SORBI_3003G007700"
"SORBI_3009G081300"
"SORBI_3010G077700"
"SORBI_3010G077800"
"SORBI_3010G077900"
"SORBI_3006G208900"
"SORBI_3006G209000"
"SORBI_3006G209100"
"SORBI_3001G182800"
"SORBI_3001G182850"
"SORBI_3001G182900"
"SORBI_3001G183000"
"SORBI_3001G183100"
"SORBI_3005G151350"
"SORBI_3006G225300"
"SORBI_3006G225400"
"SORBI_3006G225500"
"SORBI_3006G225600"
"SORBI_3007G076100"
"SORBI_3009G161300"
"SORBI_3009G161350"
"SORBI_3009G161401"
"SORBI_3009G111500"
"SORBI_3006G226200"
"SORBI_3010G230500"
"SORBI_3010G230600"
"SORBI_3008G123900"
"SORBI_3008G124000"
"SORBI_3001G409400"
"SORBI_3001G409500"
"SORBI_3001G409600"
"SORBI_3006G226300"
"SORBI_3009G245101"
"SORBI_3009G245200"
"SORBI_3009G245300"
"SORBI_3009G245400"
"SORBI_3004G095700"
"SORBI_3010G086800"
"SORBI_3010G086900"
"SORBI_3010G087000"
"SORBI_3001G269100"
"SORBI_3008G058500"
"SORBI_3008G058600"
"SORBI_3008G067400"
"SORBI_3007G071400"
"SORBI_3007G071500"
"SORBI_3005G015450"
"SORBI_3005G015600"
"SORBI_3005G015700"
"SORBI_3005G015900"
"SORBI_3008G181600"
"SORBI_3008G181701"
"SORBI_3008G181801"
"SORBI_3008G181900"
"SORBI_3009G067000"
"SORBI_3009G067100"
"SORBI_3009G067200"
"SORBI_3002G088500"
"SORBI_3002G088600"
"SORBI_3002G088700"
"SORBI_3002G088800"
"SORBI_3002G088900"
"SORBI_3009G003500"
"SORBI_3005G087600"
"SORBI_3008G088848"
"SORBI_3007G018700"
"SORBI_3007G018900"
"SORBI_3007G019000"
"SORBI_3008G036900"
"SORBI_3009G068400"
"SORBI_3009G068500"
"SORBI_3009G071500"
"SORBI_3007G016200"
"SORBI_3007G016300"
"SORBI_3007G016400"
"SORBI_3009G070700"
"SORBI_3009G070750"
"SORBI_3009G070800"
"SORBI_3007G018601"
"SORBI_3007G018651"
"SORBI_3005G203600"
"SORBI_3005G203700"
"SORBI_3005G203750"
"SORBI_3002G036600"
"SORBI_3010G057300"
"SORBI_3010G057400"
"SORBI_3003G349300"
"SORBI_3003G349400"
"SORBI_3003G349600"
"SORBI_3004G010700"
"SORBI_3007G071200"
"SORBI_3007G071300"
"SORBI_3006G095700"
"SORBI_3006G095800"
"SORBI_3006G095900"
"SORBI_3006G096000"
"SORBI_3003G031001"
"SORBI_3005G219700"
"SORBI_3005G219800"
"SORBI_3005G219900"
"SORBI_3001G261505"
"SORBI_3001G261509"
"SORBI_3004G169100"
"SORBI_3008G090000"
"SORBI_3008G026600"
"SORBI_3008G026700"
"SORBI_3006G146400"
"SORBI_3006G146500"
"SORBI_3006G146600"
"SORBI_3006G146700"
"SORBI_3006G146800"
"SORBI_3006G146900"
"SORBI_3006G168100"
"SORBI_3006G168200"
"SORBI_3006G123300"
"SORBI_3006G123400"
"SORBI_3006G123500"
"SORBI_3006G123600"
"SORBI_3006G142775"
"SORBI_3006G142850"
"SORBI_3005G167600"
"SORBI_3005G167650"
"SORBI_3006G226400"
"SORBI_3006G226500"
"SORBI_3005G082200"
"SORBI_3003G350200"
"SORBI_3003G350300"
"SORBI_3003G350400"
"SORBI_3003G350500"
"SORBI_3003G350600"
"SORBI_3008G051900"
"SORBI_3008G052000"
"SORBI_3008G052200"
"SORBI_3004G143475"
"SORBI_3006G142925"
"SORBI_3008G028000"
"SORBI_3008G028100"
"SORBI_3008G028200"
"SORBI_3008G028300"
"SORBI_3010G068500"
"SORBI_3010G068600"
"SORBI_3010G068700"
"SORBI_3006G224800"
"SORBI_3006G225000"
"SORBI_3006G225100"
"SORBI_3001G183300"
"SORBI_3007G018550"
"SORBI_3008G154100"
"SORBI_3006G164800"
"SORBI_3006G164900"
"SORBI_3010G119050"
"SORBI_3001G259400"
"SORBI_3006G168000"
"SORBI_3003G203866"
"SORBI_3003G203900"
"SORBI_3003G204000"
"SORBI_3003G204100"
"SORBI_3003G204200"
"SORBI_3003G204300"
"SORBI_3004G078600"
"SORBI_3004G078700"
"SORBI_3006G163300"
"SORBI_3006G163401"
"SORBI_3006G163501"
"SORBI_3002G022100"
"SORBI_3002G022200"
"SORBI_3002G022300"
"SORBI_3002G022400"
"SORBI_3006G225200"
"SORBI_3001G373500"
"SORBI_3006G164650"
"SORBI_3006G168300"
"SORBI_3003G203800"
"SORBI_3003G203833"
"SORBI_3001G435700"
"SORBI_3001G435800"
"SORBI_3001G435900"
"SORBI_3001G436000"
"SORBI_3002G021300"
"SORBI_3002G021500"
"SORBI_3002G021600"
"SORBI_3002G021700"
"SORBI_3008G168200"
"SORBI_3008G168300"
"SORBI_3008G168400"
"SORBI_3008G168500"
"SORBI_3001G182700"
"SORBI_3006G143000"
"SORBI_3002G162000"
"SORBI_3007G174600"
"SORBI_3007G174701"
"SORBI_3007G174800"
"SORBI_3002G147433"
"SORBI_3004G134801"
"SORBI_3007G110900"
"SORBI_3001G215600"
"SORBI_3007G091800"
"SORBI_3010G230900"
"SORBI_3010G231000"
"SORBI_3003G300800"
"SORBI_3003G300900"
"SORBI_3003G301000"
"SORBI_3003G301050"
"SORBI_3003G301100"
"SORBI_3008G131550"
"SORBI_3008G131601"
"SORBI_3008G131651"
"SORBI_3009G108900"
"SORBI_3009G109000"
"SORBI_3005G203800"
"SORBI_3005G203900"
"SORBI_3003G084100"
"SORBI_3003G084200"
"SORBI_3003G084300"
"SORBI_3002G174801"
"SORBI_3010G253250"
"SORBI_3010G253300"
"SORBI_3010G253400"
"SORBI_3006G164500"
"SORBI_3010G253200"
"SORBI_3010G234300"
"SORBI_3010G234400"
"SORBI_3010G234500"
"SORBI_3010G234600"
"SORBI_3010G234700"
"SORBI_3010G234800"
"SORBI_3010G234900"
"SORBI_3001G510300"
"SORBI_3001G510400"
"SORBI_3001G132600"
"SORBI_3008G059400"
"SORBI_3002G086200"
"SORBI_3002G086300"
"SORBI_3002G086400"
"SORBI_3002G086500"
"SORBI_3002G065800"
"SORBI_3001G486100"
"SORBI_3001G486300"
"SORBI_3001G486400"
"SORBI_3001G486500"
"SORBI_3001G486600"
"SORBI_3001G214300"
"SORBI_3001G214400"
"SORBI_3001G214600"
"SORBI_3008G122001"
"SORBI_3002G125400"
"SORBI_3002G125500"
"SORBI_3006G227050"
"SORBI_3006G227100"
"SORBI_3006G227200"
"SORBI_3006G227300"
"SORBI_3006G227400"
"SORBI_3010G119200"
"SORBI_3006G066100"
"SORBI_3007G095100"
"SORBI_3007G049200"
"SORBI_3007G049300"
"SORBI_3006G057100"
"SORBI_3006G057200"
"SORBI_3006G057300"
"SORBI_3008G070900"
"SORBI_3005G142000"
"SORBI_3005G028700"
"SORBI_3005G028800"
"SORBI_3005G028900"
"SORBI_3005G029000"
"SORBI_3005G029100"
"SORBI_3006G057000"
"SORBI_3006G057050"
"SORBI_3008G041400"
"SORBI_3002G282800"
"SORBI_3002G282900"
"SORBI_3002G283000"
"SORBI_3001G038450"
"SORBI_3001G038500"
"SORBI_3001G038601"
"SORBI_3002G378900"
"SORBI_3002G379000"
"SORBI_3002G379100"
"SORBI_3002G379200"
"SORBI_3002G379201"
"SORBI_3008G086700"
"SORBI_3007G164050"
"SORBI_3007G164101"
"SORBI_3003G119500"
"SORBI_3003G119600"
"SORBI_3004G147950"
"SORBI_3001G483200"
"SORBI_3001G483300"
"SORBI_3001G483400"
"SORBI_3002G035300"
"SORBI_3002G035400"
"SORBI_3010G204500"
"SORBI_3010G204600"
"SORBI_3006G021300"
"SORBI_3005G096000"
"SORBI_3005G096101"
"SORBI_3005G096201"
"SORBI_3002G085800"
"SORBI_3002G085900"
"SORBI_3007G110600"
"SORBI_3008G079733"
"SORBI_3008G079766"
"SORBI_3006G054900"
"SORBI_3006G055000"
"SORBI_3010G197632"
"SORBI_3010G197700"
"SORBI_3002G035200"
"SORBI_3007G185200"
"SORBI_3007G185300"
"SORBI_3007G185400"
"SORBI_3007G185600"
"SORBI_3007G185700"
"SORBI_3009G246700"
"SORBI_3009G246800"
"SORBI_3009G246950"
"SORBI_3009G247100"
"SORBI_3002G108100"
"SORBI_3002G035100"
"SORBI_3002G035500"
"SORBI_3003G148700"
"SORBI_3001G178800"
"SORBI_3005G146900"
"SORBI_3005G146966"
"SORBI_3006G055100"
"SORBI_3006G055200"
"SORBI_3010G197800"
"SORBI_3010G197900"
"SORBI_3010G149900"
"SORBI_3002G173600"
"SORBI_3002G173700"
"SORBI_3005G013400"
"SORBI_3005G013500"
"SORBI_3005G013550"
"SORBI_3007G185000"
"SORBI_3007G185100"
"SORBI_3008G153900"
"SORBI_3005G113101"
"SORBI_3007G101500"
"SORBI_3001G261700"
"SORBI_3005G097500"
"SORBI_3002G159000"
"SORBI_3007G043900"
"SORBI_3007G044000"
"SORBI_3007G044100"
"SORBI_3005G057750"
"SORBI_3005G057800"
"SORBI_3009G248600"
"SORBI_3009G248700"
"SORBI_3009G248801"
"SORBI_3007G154600"
"SORBI_3007G154701"
"SORBI_3008G060900"
"SORBI_3008G061000"
"SORBI_3008G061100"
"SORBI_3008G061201"
"SORBI_3007G088700"
"SORBI_3007G088800"
"SORBI_3009G246250"
"SORBI_3009G246300"
"SORBI_3009G246400"
"SORBI_3001G539200"
"SORBI_3003G166500"
"SORBI_3003G148800"
"SORBI_3003G148900"
"SORBI_3006G024600"
"SORBI_3002G114800"
"SORBI_3007G176800"
"SORBI_3007G176900"
"SORBI_3009G113900"
"SORBI_3009G114000"
"SORBI_3009G114200"
"SORBI_3009G114300"
"SORBI_3002G381700"
"SORBI_3001G428500"
"SORBI_3001G428600"
"SORBI_3002G378700"
"SORBI_3002G378800"
"SORBI_3005G119700"
"SORBI_3005G119800"
"SORBI_3008G023300"
"SORBI_3008G023401"
"SORBI_3006G012100"
"SORBI_3006G012200"
"SORBI_3009G111000"
"SORBI_3006G066000"
"SORBI_3006G066050"
"SORBI_3004G343800"
"SORBI_3004G343900"
"SORBI_3004G344000"
"SORBI_3004G344100"
"SORBI_3009G239301"
"SORBI_3009G239351"
"SORBI_3009G239400"
"SORBI_3009G239500"
"SORBI_3005G147400"
"SORBI_3005G147500"
"SORBI_3001G038700"
"SORBI_3008G104801"
"SORBI_3008G104900"
"SORBI_3010G078600"
"SORBI_3005G145100"
"SORBI_3005G145201"
"SORBI_3004G144150"
"SORBI_3004G144200"
"SORBI_3005G126701"
"SORBI_3005G126800"
"SORBI_3005G126900"
"SORBI_3005G127000"
"SORBI_3006G055400"
"SORBI_3010G152800"
"SORBI_3010G152850"
"SORBI_3010G152900"
"SORBI_3010G153000"
"SORBI_3006G157000"
"SORBI_3006G157100"
"SORBI_3005G178300"
"SORBI_3005G178400"
"SORBI_3005G178550"
"SORBI_3005G178700"
"SORBI_3008G095400"
"SORBI_3005G142200"
"SORBI_3005G142300"
"SORBI_3005G177900"
"SORBI_3005G178100"
"SORBI_3009G173400"
"SORBI_3009G173500"
"SORBI_3009G173600"
"SORBI_3003G030200"
"SORBI_3003G030300"
"SORBI_3009G054400"
"SORBI_3009G054450"
"SORBI_3009G054500"
"SORBI_3009G054600"
"SORBI_3009G001200"
"SORBI_3009G001300"
"SORBI_3009G001400"
"SORBI_3005G103000"
"SORBI_3001G531500"
"SORBI_3001G531600"
"SORBI_3001G531700"
"SORBI_3001G531800"
"SORBI_3001G531900"
"SORBI_3003G138300"
"SORBI_3003G296700"
"SORBI_3004G285100"
"SORBI_3004G285200"
"SORBI_3004G010200"
"SORBI_3004G010300"
"SORBI_3004G010500"
"SORBI_3004G010600"
"SORBI_3004G165900"
"SORBI_3001G165500"
"SORBI_3001G165600"
"SORBI_3001G165700"
"SORBI_3007G146400"
"SORBI_3007G146500"
"SORBI_3004G145200"
"SORBI_3004G145300"
"SORBI_3006G245600"
"SORBI_3006G245700"
"SORBI_3006G245800"
"SORBI_3006G245900"
"SORBI_3003G145700"
"SORBI_3003G145800"
"SORBI_3003G083500"
"SORBI_3003G083600"
"SORBI_3003G083700"
"SORBI_3003G083800"
"SORBI_3006G036100"
"SORBI_3006G009800"
"SORBI_3006G009900"
"SORBI_3005G005800"
"SORBI_3005G006000"
"SORBI_3002G074900"
"SORBI_3002G075000"
"SORBI_3002G075100"
"SORBI_3002G075300"
"SORBI_3005G111800"
"SORBI_3001G080800"
"SORBI_3001G080900"
"SORBI_3001G080950"
"SORBI_3001G081000"
"SORBI_3001G081100"
"SORBI_3001G181900"
"SORBI_3001G182000"
"SORBI_3001G182100"
"SORBI_3001G182200"
"SORBI_3004G218800"
"SORBI_3004G218900"
"SORBI_3004G219000"
"SORBI_3002G052100"
"SORBI_3003G436400"
"SORBI_3003G436500"
"SORBI_3003G436600"
"SORBI_3003G436700"
"SORBI_3003G436750"
"SORBI_3003G436800"
"SORBI_3003G082700"
"SORBI_3002G157100"
"SORBI_3006G197600"
"SORBI_3006G197700"
"SORBI_3006G197800"
"SORBI_3003G159200"
"SORBI_3010G061900"
"SORBI_3007G202100"
"SORBI_3007G202300"
"SORBI_3007G202360"
"SORBI_3007G202420"
"SORBI_3007G202480"
"SORBI_3002G124832"
"SORBI_3001G369200"
"SORBI_3001G133900"
"SORBI_3001G134000"
"SORBI_3001G134100"
"SORBI_3001G134150"
"SORBI_3003G224100"
"SORBI_3003G224200"
"SORBI_3003G224300"
"SORBI_3010G022400"
"SORBI_3010G022500"
"SORBI_3010G022600"
"SORBI_3003G100500"
"SORBI_3003G100600"
"SORBI_3001G133800"
"SORBI_3008G088806"
"SORBI_3003G399166"
"SORBI_3003G399400"
"SORBI_3003G399500"
"SORBI_3003G399600"
"SORBI_3003G399700"
"SORBI_3003G399800"
"SORBI_3003G399900"
"SORBI_3009G086300"
"SORBI_3009G086400"
"SORBI_3009G004100"
"SORBI_3009G004200"
"SORBI_3009G004300"
"SORBI_3009G004400"
"SORBI_3009G004500"
"SORBI_3009G004600"
"SORBI_3009G004700"
"SORBI_3005G188500"
"SORBI_3005G188600"
"SORBI_3004G341900"
"SORBI_3004G342000"
"SORBI_3004G342100"
"SORBI_3004G342200"
"SORBI_3004G342300"
"SORBI_3003G137000"
"SORBI_3004G133900"
"SORBI_3006G050000"
"SORBI_3002G379300"
"SORBI_3002G379400"
"SORBI_3009G003900"
"SORBI_3009G004000"
"SORBI_3009G003800"
"SORBI_3005G182900"
"SORBI_3005G183000"
"SORBI_3001G346000"
"SORBI_3001G346100"
"SORBI_3001G346200"
"SORBI_3007G090466"
"SORBI_3007G090469"
"SORBI_3009G069200"
"SORBI_3009G069300"
"SORBI_3010G106500"
"SORBI_3009G094450"
"SORBI_3004G108200"
"SORBI_3002G379500"
"SORBI_3006G029200"
"SORBI_3006G029250"
"SORBI_3006G029300"
"SORBI_3006G029400"
"SORBI_3002G071300"
"SORBI_3002G071350"
"SORBI_3002G071400"
"SORBI_3008G036800"
"SORBI_3009G147300"
"SORBI_3009G147400"
"SORBI_3009G147450"
"SORBI_3009G147500"
"SORBI_3007G215100"
"SORBI_3007G215200"
"SORBI_3007G215300"
"SORBI_3005G177500"
"SORBI_3005G177600"
"SORBI_3005G177700"
"SORBI_3001G345300"
"SORBI_3001G345333"
"SORBI_3001G345366"
"SORBI_3001G345400"
"SORBI_3005G110535"
"SORBI_3005G110538"
"SORBI_3002G029900"
"SORBI_3002G030001"
"SORBI_3002G030100"
"SORBI_3002G030200"
"SORBI_3002G030300"
"SORBI_3002G030400"
"SORBI_3002G030500"
"SORBI_3003G213300"
"SORBI_3003G213400"
"SORBI_3003G213500"
"SORBI_3003G213600"
"SORBI_3003G213700"
"SORBI_3003G213800"
"SORBI_3003G213900"
"SORBI_3003G372900"
"SORBI_3003G372950"
"SORBI_3003G373000"
"SORBI_3003G373050"
"SORBI_3001G310900"
"SORBI_3005G113766"
"SORBI_3002G320700"
"SORBI_3002G320800"
"SORBI_3002G320900"
"SORBI_3002G321000"
"SORBI_3002G030575"
"SORBI_3002G030650"
"SORBI_3004G223500"
"SORBI_3004G223600"
"SORBI_3001G129700"
"SORBI_3001G129750"
"SORBI_3001G129800"
"SORBI_3001G129900"
"SORBI_3001G130000"
"SORBI_3001G130100"
"SORBI_3006G194150"
"SORBI_3010G085500"
"SORBI_3010G085600"
"SORBI_3003G222000"
"SORBI_3002G166800"
"SORBI_3001G259600"
"SORBI_3002G074000"
"SORBI_3002G074100"
"SORBI_3002G074200"
"SORBI_3002G074300"
"SORBI_3001G010400"
"SORBI_3001G010500"
"SORBI_3001G010600"
"SORBI_3001G010700"
"SORBI_3001G010800"
"SORBI_3001G010900"
"SORBI_3001G533700"
"SORBI_3001G533800"
"SORBI_3001G533900"
"SORBI_3001G534000"
"SORBI_3001G010200"
"SORBI_3001G010300"
"SORBI_3001G143200"
"SORBI_3001G143300"
"SORBI_3009G052500"
"SORBI_3009G052600"
"SORBI_3009G052700"
"SORBI_3009G052800"
"SORBI_3009G052901"
"SORBI_3008G138500"
"SORBI_3008G138600"
"SORBI_3005G011000"
"SORBI_3005G011100"
"SORBI_3005G011200"
"SORBI_3009G008000"
"SORBI_3009G008100"
"SORBI_3009G008200"
"SORBI_3006G087500"
"SORBI_3006G087600"
"SORBI_3006G087700"
"SORBI_3003G336700"
"SORBI_3003G336800"
"SORBI_3005G142400"
"SORBI_3002G095300"
"SORBI_3002G095400"
"SORBI_3001G401800"
"SORBI_3001G401900"
"SORBI_3001G401975"
"SORBI_3005G224500"
"SORBI_3005G224601"
"SORBI_3005G224700"
"SORBI_3003G361100"
"SORBI_3003G361150"
"SORBI_3003G361200"
"SORBI_3009G075600"
"SORBI_3009G075800"
"SORBI_3004G160700"
"SORBI_3004G160750"
"SORBI_3008G179400"
"SORBI_3008G179500"
"SORBI_3008G179600"
"SORBI_3008G179700"
"SORBI_3002G022900"
"SORBI_3006G278700"
"SORBI_3005G200300"
"SORBI_3005G200400"
"SORBI_3003G184765"
"SORBI_3003G184800"
"SORBI_3004G071800"
"SORBI_3004G071850"
"SORBI_3004G071900"
"SORBI_3004G072000"
"SORBI_3004G072100"
"SORBI_3003G143200"
"SORBI_3003G143300"
"SORBI_3003G143401"
"SORBI_3002G095600"
"SORBI_3001G344600"
"SORBI_3001G344700"
"SORBI_3001G344800"
"SORBI_3001G344900"
"SORBI_3001G345000"
"SORBI_3002G241700"
"SORBI_3002G241900"
"SORBI_3002G242000"
"SORBI_3002G242100"
"SORBI_3002G242200"
"SORBI_3002G242300"
"SORBI_3002G242400"
"SORBI_3001G214800"
"SORBI_3001G214900"
"SORBI_3008G179000"
"SORBI_3008G179100"
"SORBI_3008G179200"
"SORBI_3007G022700"
"SORBI_3007G022800"
"SORBI_3007G022900"
"SORBI_3007G023000"
"SORBI_3007G023100"
"SORBI_3001G144200"
"SORBI_3001G144300"
"SORBI_3001G144400"
"SORBI_3001G144600"
"SORBI_3001G144700"
"SORBI_3001G144800"
"SORBI_3004G002350"
"SORBI_3004G002400"
"SORBI_3004G002500"
"SORBI_3004G002600"
"SORBI_3004G002700"
"SORBI_3004G303600"
"SORBI_3003G393100"
"SORBI_3004G109600"
"SORBI_3004G109700"
"SORBI_3004G109750"
"SORBI_3001G261250"
"SORBI_3009G016800"
"SORBI_3001G005300"
"SORBI_3008G099100"
"SORBI_3001G005200"
"SORBI_3003G198500"
"SORBI_3003G198550"
"SORBI_3003G198600"
"SORBI_3003G198701"
"SORBI_3005G041150"
"SORBI_3005G041200"
"SORBI_3005G041300"
"SORBI_3001G305600"
"SORBI_3001G305700"
"SORBI_3010G176101"
"SORBI_3004G164700"
"SORBI_3004G164800"
"SORBI_3005G227700"
"SORBI_3005G227800"
"SORBI_3008G080500"
"SORBI_3001G004600"
"SORBI_3001G004700"
"SORBI_3001G004800"
"SORBI_3001G004901"
"SORBI_3001G005000"
"SORBI_3001G005100"
"SORBI_3001G303900"
"SORBI_3001G304000"
"SORBI_3003G204750"
"SORBI_3003G204900"
"SORBI_3003G205000"
"SORBI_3003G205100"
"SORBI_3009G007901"
"SORBI_3010G064050"
"SORBI_3010G064100"
"SORBI_3010G064200"
"SORBI_3010G064300"
"SORBI_3009G073500"
"SORBI_3009G073600"
"SORBI_3009G073700"
"SORBI_3002G368000"
"SORBI_3002G368100"
"SORBI_3001G284100"
"SORBI_3002G072000"
"SORBI_3002G072050"
"SORBI_3002G072100"
"SORBI_3002G072200"
"SORBI_3008G021900"
"SORBI_3008G022000"
"SORBI_3008G022100"
"SORBI_3004G239800"
"SORBI_3004G239901"
"SORBI_3004G240000"
"SORBI_3004G240100"
"SORBI_3007G215600"
"SORBI_3007G215700"
"SORBI_3003G190200"
"SORBI_3003G190300"
"SORBI_3003G187400"
"SORBI_3003G082200"
"SORBI_3010G175200"
"SORBI_3010G175350"
"SORBI_3006G223101"
"SORBI_3006G223200"
"SORBI_3006G223300"
"SORBI_3003G066100"
"SORBI_3009G073000"
"SORBI_3002G129900"
"SORBI_3002G130000"
"SORBI_3002G130500"
"SORBI_3002G130601"
"SORBI_3002G130700"
"SORBI_3002G130800"
"SORBI_3002G075900"
"SORBI_3002G076000"
"SORBI_3002G076100"
"SORBI_3001G259900"
